Date,Open,High,Low,Close,Adj Close,Volume
2011/2/10,16.74,17.07,16,16.09,16.09,0
2011/2/11,16.530001,16.530001,15.55,15.69,15.69,0
2011/2/14,16.07,16.26,15.22,15.95,15.95,0
2011/2/15,16.299999,16.75,16.27,16.370001,16.370001,0
2011/2/16,16.309999,16.74,15.84,16.719999,16.719999,0
2011/2/17,17.01,17.299999,15.88,16.59,16.59,0
2011/2/18,16.59,16.91,15.54,16.43,16.43,0
2011/2/22,19.459999,21.450001,18.379999,20.799999,20.799999,0
2011/2/23,20.84,23.219999,20.299999,22.129999,22.129999,0
2011/2/24,22.280001,22.709999,20.809999,21.32,21.32,0
2011/2/25,20.41,20.440001,18.879999,19.219999,19.219999,0
2011/2/28,19.120001,19.27,18.139999,18.35,18.35,0
2011/3/1,17.629999,21.01,17.629999,21.01,21.01,0
2011/3/2,20.73,21.139999,19.620001,20.700001,20.700001,0
2011/3/3,19.27,19.27,18.25,18.6,18.6,0
2011/3/4,18.559999,20.33,18.309999,19.059999,19.059999,0
2011/3/7,19.370001,21.77,18.950001,20.66,20.66,0
2011/3/8,20.58,21.059999,19.15,19.82,19.82,0
2011/3/9,20.049999,20.959999,19.41,20.219999,20.219999,0
2011/3/10,21.370001,22.25,20.34,21.879999,21.879999,0
2011/3/11,21.719999,21.75,19.969999,20.08,20.08,0
2011/3/14,21.790001,22.74,20.92,21.129999,21.129999,0
2011/3/15,25.66,25.719999,23.309999,24.32,24.32,0
2011/3/16,24.65,31.280001,24.040001,29.4,29.4,0
2011/3/17,26.940001,27.540001,25.440001,26.370001,26.370001,0
2011/3/18,23.9,24.85,23.09,24.440001,24.440001,0
2011/3/21,22.1,22.16,20.219999,20.610001,20.610001,0
2011/3/22,20.530001,20.59,19.969999,20.209999,20.209999,0
2011/3/23,20.59,21.049999,18.190001,19.17,19.17,0
2011/3/24,18.450001,18.99,17.870001,18,18,0
2011/3/25,17.870001,18.08,17.07,17.91,17.91,0
2011/3/28,18.309999,19.440001,17.959999,19.440001,19.440001,0
2011/3/29,19.17,19.780001,18,18.16,18.16,0
2011/3/30,17.82,17.889999,17.25,17.709999,17.709999,0
2011/3/31,17.9,17.950001,17.41,17.74,17.74,0
2011/4/1,16.68,17.620001,16.440001,17.4,17.4,0
2011/4/4,17.629999,17.85,17.389999,17.5,17.5,0
2011/4/5,17.870001,17.870001,16.5,17.25,17.25,0
2011/4/6,16.75,17.15,16.5,16.9,16.9,0
2011/4/7,16.92,17.77,16.49,17.110001,17.110001,0
2011/4/8,16.51,18.33,16.51,17.870001,17.870001,0
2011/4/11,16.74,17.049999,16.219999,16.59,16.59,0
2011/4/12,17.58,18.459999,16.879999,17.09,17.09,0
2011/4/13,16.33,17.379999,16.200001,16.92,16.92,0
2011/4/14,17.77,18.08,16.08,16.27,16.27,0
2011/4/15,15.97,15.98,14.92,15.32,15.32,0
2011/4/18,18.299999,19.07,16.809999,16.959999,16.959999,0
2011/4/19,16.620001,16.719999,15.69,15.83,15.83,0
2011/4/20,14.31,15.39,14.3,15.07,15.07,0
2011/4/21,14.71,15.23,14.4,14.69,14.69,0
2011/4/25,15.64,16.059999,15.5,15.77,15.77,0
2011/4/26,15.36,15.66,15.07,15.62,15.62,0
2011/4/27,15.37,16.42,15.13,15.35,15.35,0
2011/4/28,15.54,15.54,14.27,14.62,14.62,0
2011/4/29,14.56,14.99,14.49,14.75,14.75,0
2011/5/2,15.07,16.129999,15.07,15.99,15.99,0
2011/5/3,16.35,17.290001,16.129999,16.700001,16.700001,0
2011/5/4,16.84,17.719999,16.83,17.08,17.08,0
2011/5/5,17.68,19.110001,16.74,18.200001,18.200001,0
2011/5/6,17.17,19.290001,16.120001,18.4,18.4,0
2011/5/9,18.59,18.59,17.040001,17.16,17.16,0
2011/5/10,16.84,16.9,15.79,15.91,15.91,0
2011/5/11,16.27,17.49,16.23,16.950001,16.950001,0
2011/5/12,17.27,17.889999,16.030001,16.030001,16.030001,0
2011/5/13,16.02,17.559999,15.98,17.07,17.07,0
2011/5/16,17.860001,18.25,16.610001,18.24,18.24,0
2011/5/17,18.540001,19.09,17.469999,17.549999,17.549999,0
2011/5/18,17.559999,17.68,16.030001,16.23,16.23,0
2011/5/19,15.9,16.559999,15.5,15.52,15.52,0
2011/5/20,15.88,17.43,15.7,17.43,17.43,0
2011/5/23,20.030001,20.030001,17.469999,18.27,18.27,0
2011/5/24,18.07,18.190001,17,17.82,17.82,0
2011/5/25,18.26,18.26,16.700001,17.07,17.07,0
2011/5/26,17.17,17.459999,15.9,16.09,16.09,0
2011/5/27,16.110001,16.27,15.36,15.98,15.98,0
2011/5/31,15.85,16.5,15.15,15.45,15.45,0
2011/6/1,15.95,18.48,15.95,18.299999,18.299999,0
2011/6/2,17.92,18.719999,17.389999,18.09,18.09,0
2011/6/3,18.23,19.870001,17.120001,17.950001,17.950001,0
2011/6/6,18.42,18.65,17.65,18.49,18.49,0
2011/6/7,18.129999,18.48,17.389999,18.07,18.07,0
2011/6/8,18.15,18.83,17.719999,18.790001,18.790001,0
2011/6/9,18.200001,18.309999,17.26,17.77,17.77,0
2011/6/10,17.93,19.16,17.93,18.860001,18.860001,0
2011/6/13,19.1,20.02,18.41,19.610001,19.610001,0
2011/6/14,18.559999,18.559999,17.799999,18.26,18.26,0
2011/6/15,19.309999,21.66,19.030001,21.32,21.32,0
2011/6/16,21.370001,24.65,20.809999,22.73,22.73,0
2011/6/17,21.559999,22.389999,20.35,21.85,21.85,0
2011/6/20,22.99,23.08,19.99,19.99,19.99,0
2011/6/21,19.459999,19.459999,17.719999,18.860001,18.860001,0
2011/6/22,18.860001,18.9,17.719999,18.52,18.52,0
2011/6/23,20.23,21.5,19.219999,19.290001,19.290001,0
2011/6/24,19.200001,21.280001,19.1,21.1,21.1,0
2011/6/27,21.6,21.82,20.27,20.559999,20.559999,0
2011/6/28,20.299999,20.450001,19.17,19.17,19.17,0
2011/6/29,18.620001,18.83,16.32,17.27,17.27,0
2011/6/30,16.67,16.77,15.88,16.52,16.52,0
2011/7/1,16.059999,16.290001,15.12,15.87,15.87,0
2011/7/5,16.32,16.5,15.89,16.059999,16.059999,0
2011/7/6,16.459999,17.08,16.32,16.34,16.34,0
2011/7/7,15.3,16.129999,15.3,15.95,15.95,0
2011/7/8,17.139999,17.139999,15.95,15.95,15.95,0
2011/7/11,17.440001,19.059999,17.16,18.389999,18.389999,0
2011/7/12,19.549999,20.129999,18.25,19.870001,19.870001,0
2011/7/13,19.08,20.16,18.09,19.91,19.91,0
2011/7/14,20.08,21.58,19.35,20.799999,20.799999,0
2011/7/15,20.25,21.68,19.52,19.530001,19.530001,0
2011/7/18,21.25,21.93,20.9,20.950001,20.950001,0
2011/7/19,20.139999,20.43,19.120001,19.209999,19.209999,0
2011/7/20,18.809999,19.65,18.610001,19.09,19.09,0
2011/7/21,18.610001,18.629999,17.15,17.559999,17.559999,0
2011/7/22,17.219999,17.950001,17.139999,17.52,17.52,0
2011/7/25,19.26,19.5,18.73,19.35,19.35,0
2011/7/26,19.75,20.5,19.559999,20.23,20.23,0
2011/7/27,20.870001,23.200001,20.870001,22.98,22.98,0
2011/7/28,22.83,23.99,21.200001,23.74,23.74,0
2011/7/29,25.280001,25.940001,23.65,25.25,25.25,0
2011/8/1,22.629999,25.629999,22.459999,23.66,23.66,0
2011/8/2,24.219999,24.790001,22.65,24.790001,24.790001,0
2011/8/3,23.58,25.23,22.76,23.379999,23.379999,0
2011/8/4,24.57,32.07,24.309999,31.66,31.66,0
2011/8/5,28.48,39.25,27.540001,32,32,0
2011/8/8,36.900002,48,35.290001,48,48,0
2011/8/9,42.119999,47.560001,34.279999,35.060001,35.060001,0
2011/8/10,39.330002,44.41,37.34,42.990002,42.990002,0
2011/8/11,41.939999,42.880001,37.5,39,39,0
2011/8/12,37.080002,37.849998,34.009998,36.360001,36.360001,0
2011/8/15,34.73,34.830002,31.469999,31.870001,31.870001,0
2011/8/16,33.360001,34.490002,31.68,32.849998,32.849998,0
2011/8/17,32.09,33.32,30.809999,31.58,31.58,0
2011/8/18,36.77,45.279999,36.689999,42.669998,42.669998,0
2011/8/19,45.34,45.400002,39.990002,43.049999,43.049999,0
2011/8/22,38.799999,43.580002,38.779999,42.439999,42.439999,0
2011/8/23,41.889999,42.540001,35.830002,36.27,36.27,0
2011/8/24,37.119999,37.380001,34.549999,35.900002,35.900002,0
2011/8/25,34.43,40.139999,34.049999,39.759998,39.759998,0
2011/8/26,41.18,43.84,34.330002,35.59,35.59,0
2011/8/29,33.810001,33.810001,32.209999,32.279999,32.279999,0
2011/8/30,32.970001,33.549999,31.549999,32.889999,32.889999,0
2011/8/31,31.200001,32.529999,30.16,31.620001,31.620001,0
2011/9/1,31.91,32.380001,30.76,31.82,31.82,0
2011/9/2,34.290001,34.740002,32.700001,33.919998,33.919998,0
2011/9/6,39.84,39.860001,37,37,37,0
2011/9/7,34.240002,34.700001,33.380001,33.380001,33.380001,0
2011/9/8,34.41,34.709999,32.790001,34.32,34.32,0
2011/9/9,35.529999,40.740002,35.529999,38.52,38.52,0
2011/9/12,42.560001,43.18,38.580002,38.59,38.59,0
2011/9/13,38.68,39.43,36.689999,36.91,36.91,0
2011/9/14,36.59,37.759998,33.400002,34.599998,34.599998,0
2011/9/15,33.43,33.98,31.75,31.969999,31.969999,0
2011/9/16,31.809999,32.48,30.43,30.98,30.98,0
2011/9/19,34.799999,35.330002,32.349998,32.73,32.73,0
2011/9/20,32.419998,33.139999,31.450001,32.860001,32.860001,0
2011/9/21,33,37.32,32.450001,37.32,37.32,0
2011/9/22,41,43.869999,39.330002,41.349998,41.349998,0
2011/9/23,42.169998,42.82,40.419998,41.25,41.25,0
2011/9/26,40.990002,43.34,39.02,39.02,39.02,0
2011/9/27,36.59,38.57,35.32,37.709999,37.709999,0
2011/9/28,37.700001,41.240002,36.650002,41.080002,41.080002,0
2011/9/29,38.619999,42,38.029999,38.84,38.84,0
2011/9/30,40.93,42.990002,39.880001,42.959999,42.959999,0
2011/10/3,44.25,45.549999,41.509998,45.450001,45.450001,0
2011/10/4,46.18,46.880001,40.02,40.82,40.82,0
2011/10/5,40.73,41.200001,37.509998,37.810001,37.810001,0
2011/10/6,38.240002,38.740002,36.150002,36.27,36.27,0
2011/10/7,35.669998,37.82,35.189999,36.200001,36.200001,0
2011/10/10,35.450001,35.450001,32.959999,33.02,33.02,0
2011/10/11,33.950001,34.240002,32.619999,32.860001,32.860001,0
2011/10/12,31.57,31.93,29.790001,31.26,31.26,0
2011/10/13,31.99,32.759998,30.48,30.700001,30.700001,0
2011/10/14,29.07,29.959999,28.08,28.24,28.24,0
2011/10/17,30.35,33.389999,30.120001,33.389999,33.389999,0
2011/10/18,33.369999,34.709999,29.690001,31.559999,31.559999,0
2011/10/19,32.919998,35.470001,31.91,34.439999,34.439999,0
2011/10/20,34.439999,36.869999,34.16,34.779999,34.779999,0
2011/10/21,32.759998,32.98,31.32,31.32,31.32,0
2011/10/24,31.67,31.700001,28.84,29.26,29.26,0
2011/10/25,30.68,32.459999,30.32,32.220001,32.220001,0
2011/10/26,30.440001,33.299999,29.629999,29.860001,29.860001,0
2011/10/27,24.719999,26.459999,24.700001,25.459999,25.459999,0
2011/10/28,26.02,26.02,24.440001,24.530001,24.530001,0
2011/10/31,27.09,29.969999,27.01,29.959999,29.959999,0
2011/11/1,36.029999,37.529999,33.869999,34.77,34.77,0
2011/11/2,33.529999,34.27,32.549999,32.740002,32.740002,0
2011/11/3,31.379999,34.650002,30.209999,30.5,30.5,0
2011/11/4,31.459999,32.560001,30.139999,30.16,30.16,0
2011/11/7,31.4,32.150002,29.85,29.85,29.85,0
2011/11/8,29.34,30.49,27.469999,27.48,27.48,0
2011/11/9,31.32,36.43,30.98,36.16,36.16,0
2011/11/10,33.09,35.5,32.119999,32.810001,32.810001,0
2011/11/11,29.91,30.42,29.450001,30.040001,30.040001,0
2011/11/14,31.42,32.849998,31.129999,31.129999,31.129999,0
2011/11/15,31.74,32.549999,30.4,31.219999,31.219999,0
2011/11/16,32.66,33.509998,30.540001,33.509998,33.509998,0
2011/11/17,33.150002,36.459999,32.889999,34.509998,34.509998,0
2011/11/18,33.16,33.990002,31.92,32,32,0
2011/11/21,34.59,35.290001,32.529999,32.91,32.91,0
2011/11/22,33.119999,33.389999,31.280001,31.969999,31.969999,0
2011/11/23,32.91,34.57,32.68,33.98,33.98,0
2011/11/25,34.610001,34.77,33.119999,34.470001,34.470001,0
2011/11/28,31.93,33.110001,29.469999,32.130001,32.130001,0
2011/11/29,31.76,32.02,30.559999,30.639999,30.639999,0
2011/11/30,27.719999,28.5,27.030001,27.799999,27.799999,0
2011/12/1,27.629999,27.889999,26.639999,27.41,27.41,0
2011/12/2,26.26,27.620001,25.290001,27.52,27.52,0
2011/12/5,26.74,28.309999,26,27.84,27.84,0
2011/12/6,27.91,28.129999,27.41,28.129999,28.129999,0
2011/12/7,28.610001,29.58,28.440001,28.67,28.67,0
2011/12/8,29.629999,30.91,29.02,30.59,30.59,0
2011/12/9,29.610001,29.610001,26.290001,26.379999,26.379999,0
2011/12/12,26.780001,27.73,25.639999,25.67,25.67,0
2011/12/13,24.719999,26.280001,23.27,25.41,25.41,0
2011/12/14,26.16,27.549999,25.76,26.040001,26.040001,0
2011/12/15,24.379999,25.280001,23.879999,25.110001,25.110001,0
2011/12/16,24.16,25.02,23.51,24.290001,24.290001,0
2011/12/19,25.139999,25.379999,24.379999,24.92,24.92,0
2011/12/20,23.559999,23.58,22.540001,23.219999,23.219999,0
2011/12/21,22.52,23.940001,21.120001,21.43,21.43,0
2011/12/22,21.08,21.33,20.34,21.16,21.16,0
2011/12/23,21.1,21.209999,20.719999,20.73,20.73,0
2011/12/27,22.58,22.66,21.68,21.91,21.91,0
2011/12/28,22.120001,23.559999,22.110001,23.52,23.52,0
2011/12/29,23.52,23.52,22.65,22.65,22.65,0
2011/12/30,22.860001,23.459999,22.65,23.4,23.4,0
2012/1/3,22.950001,23.1,22.540001,22.969999,22.969999,0
2012/1/4,23.440001,23.73,22.219999,22.219999,22.219999,0
2012/1/5,22.75,23.09,21.34,21.48,21.48,0
2012/1/6,21.24,21.719999,20.58,20.629999,20.629999,0
2012/1/9,21.67,21.780001,21,21.07,21.07,0
2012/1/10,20.139999,20.690001,20.049999,20.690001,20.690001,0
2012/1/11,21.18,21.219999,20.98,21.049999,21.049999,0
2012/1/12,21.01,22.030001,20.459999,20.469999,20.469999,0
2012/1/13,21.41,22.43,20.91,20.91,20.91,0
2012/1/17,20.9,22.25,20.690001,22.200001,22.200001,0
2012/1/18,23.200001,23.440001,20.780001,20.889999,20.889999,0
2012/1/19,20.49,20.870001,19.450001,19.870001,19.870001,0
2012/1/20,19.91,19.940001,18.16,18.280001,18.280001,0
2012/1/23,19.219999,19.309999,18.549999,18.67,18.67,0
2012/1/24,19.76,20,18.629999,18.91,18.91,0
2012/1/25,19.35,19.549999,17.15,18.309999,18.309999,0
2012/1/26,17.959999,19.17,16.799999,18.57,18.57,0
2012/1/27,19.16,19.16,18.26,18.530001,18.530001,0
2012/1/30,20.33,20.33,19.379999,19.4,19.4,0
2012/1/31,19.07,19.84,18.129999,19.440001,19.440001,0
2012/2/1,18.68,18.82,17.99,18.549999,18.549999,0
2012/2/2,18.379999,18.5,17.98,17.98,17.98,0
2012/2/3,16.84,17.32,16.1,17.1,17.1,0
2012/2/6,17.98,18.02,16.110001,17.76,17.76,0
2012/2/7,17.93,18.1,17.5,17.65,17.65,0
2012/2/8,17.790001,18.459999,17.530001,18.16,18.16,0
2012/2/9,18.120001,18.719999,18.07,18.629999,18.629999,0
2012/2/10,20.1,21.98,19.02,20.790001,20.790001,0
2012/2/13,19.639999,19.68,17.92,19.040001,19.040001,0
2012/2/14,19.450001,20.76,18.950001,19.540001,19.540001,0
2012/2/15,19.74,21.77,19.440001,21.139999,21.139999,0
2012/2/16,21.59,21.76,19.219999,19.219999,19.219999,0
2012/2/17,18.73,18.790001,17.540001,17.780001,17.780001,0
2012/2/21,18.41,18.940001,17.65,18.190001,18.190001,0
2012/2/22,18.85,18.940001,17.74,18.190001,18.190001,0
2012/2/23,18.73,18.969999,16.639999,16.799999,16.799999,0
2012/2/24,16.68,17.620001,16.42,17.309999,17.309999,0
2012/2/27,19.1,19.25,17.58,18.190001,18.190001,0
2012/2/28,18.67,18.67,17.879999,17.959999,17.959999,0
2012/2/29,17.799999,18.75,17.530001,18.43,18.43,0
2012/3/1,18.02,18.030001,17.26,17.26,17.26,0
2012/3/2,17.65,17.65,17.139999,17.290001,17.290001,0
2012/3/5,18.27,18.9,18.02,18.049999,18.049999,0
2012/3/6,20.57,21.24,20.299999,20.870001,20.870001,0
2012/3/7,20.43,20.440001,19.07,19.07,19.07,0
2012/3/8,18.08,18.459999,17.76,17.950001,17.950001,0
2012/3/9,17.16,17.540001,16.629999,17.110001,17.110001,0
2012/3/12,15.79,16.67,15.23,15.64,15.64,0
2012/3/13,14,16.08,13.99,14.8,14.8,0
2012/3/14,14.42,16.190001,14.39,15.31,15.31,0
2012/3/15,15.32,16.059999,14.58,15.42,15.42,0
2012/3/16,14.43,15.24,13.66,14.47,14.47,0
2012/3/19,15.42,15.43,14.54,15.04,15.04,0
2012/3/20,15.82,15.95,15.11,15.58,15.58,0
2012/3/21,14.72,15.31,14.19,15.13,15.13,0
2012/3/22,16.040001,16.58,15.56,15.57,15.57,0
2012/3/23,15.65,16.389999,14.69,14.82,14.82,0
2012/3/26,14.51,15.03,14.26,14.26,14.26,0
2012/3/27,14.52,15.59,14.14,15.59,15.59,0
2012/3/28,15.58,17.27,15.4,15.47,15.47,0
2012/3/29,16.84,17.200001,15.39,15.48,15.48,0
2012/3/30,14.88,15.98,14.67,15.5,15.5,0
2012/4/2,16.35,16.58,15.02,15.64,15.64,0
2012/4/3,15.61,16.65,15.56,15.66,15.66,0
2012/4/4,17.07,17.74,16.309999,16.440001,16.440001,0
2012/4/5,17.02,17.129999,16.290001,16.700001,16.700001,0
2012/4/9,18.940001,18.940001,17.93,18.809999,18.809999,0
2012/4/10,19.1,21.059999,18.620001,20.389999,20.389999,0
2012/4/11,19.219999,20.120001,18.73,20.02,20.02,0
2012/4/12,19.629999,19.74,17.200001,17.200001,17.200001,0
2012/4/13,17.950001,19.620001,17.85,19.549999,19.549999,0
2012/4/16,18.870001,20.42,18.6,19.549999,19.549999,0
2012/4/17,18.66,18.66,17.58,18.459999,18.459999,0
2012/4/18,19.02,19.17,17.700001,18.639999,18.639999,0
2012/4/19,18.51,19.690001,17.690001,18.360001,18.360001,0
2012/4/20,17.92,18.049999,16.969999,17.440001,17.440001,0
2012/4/23,20.219999,20.27,18.950001,18.969999,18.969999,0
2012/4/24,19.219999,19.219999,18.09,18.1,18.1,0
2012/4/25,17.049999,17.379999,16.82,16.82,16.82,0
2012/4/26,16.969999,17.040001,15.75,16.24,16.24,0
2012/4/27,15.83,16.469999,15.83,16.32,16.32,0
2012/4/30,17.040001,17.41,16.92,17.15,17.15,0
2012/5/1,17.27,17.49,16.01,16.6,16.6,0
2012/5/2,17.25,17.629999,16.780001,16.879999,16.879999,0
2012/5/3,16.9,17.92,16.73,17.559999,17.559999,0
2012/5/4,18.030001,19.280001,17.809999,19.16,19.16,0
2012/5/7,19.799999,19.870001,18.41,18.940001,18.940001,0
2012/5/8,19.440001,20.91,17.950001,19.049999,19.049999,0
2012/5/9,20.65,21.59,19.379999,20.08,20.08,0
2012/5/10,19.25,19.879999,18.77,18.83,18.83,0
2012/5/11,19.93,19.940001,18.620001,19.889999,19.889999,0
2012/5/14,21.469999,21.870001,20.940001,21.870001,21.870001,0
2012/5/15,21.43,22.700001,20.76,21.969999,21.969999,0
2012/5/16,21.540001,22.690001,20.83,22.27,22.27,0
2012/5/17,21.99,24.51,21.870001,24.49,24.49,0
2012/5/18,23.27,25.139999,23.07,25.1,25.1,0
2012/5/21,24.879999,24.879999,22.01,22.01,22.01,0
2012/5/22,21.76,23.190001,19.98,22.48,22.48,0
2012/5/23,23.32,24.620001,21.99,22.33,22.33,0
2012/5/24,22,23.219999,21.48,21.540001,21.540001,0
2012/5/25,22.049999,22.290001,21.299999,21.76,21.76,0
2012/5/29,21.700001,22.469999,20.99,21.030001,21.030001,0
2012/5/30,22.68,24.139999,22.66,24.139999,24.139999,0
2012/5/31,23.83,25.459999,22.780001,24.059999,24.059999,0
2012/6/1,25.870001,26.709999,23.940001,26.66,26.66,0
2012/6/4,26.35,27.73,25.719999,26.120001,26.120001,0
2012/6/5,25.9,25.9,24.5,24.68,24.68,0
2012/6/6,23.76,23.889999,21.799999,22.16,22.16,0
2012/6/7,21,22.48,20.74,21.719999,21.719999,0
2012/6/8,22.540001,23.1,20.290001,21.23,21.23,0
2012/6/11,19.870001,23.559999,19.629999,23.559999,23.559999,0
2012/6/12,23.15,23.9,22.09,22.09,22.09,0
2012/6/13,22.93,24.93,22.66,24.27,24.27,0
2012/6/14,24.190001,24.809999,21.549999,21.68,21.68,0
2012/6/15,22.469999,23.09,20.610001,21.110001,21.110001,0
2012/6/18,21.76,21.98,18.24,18.32,18.32,0
2012/6/19,17.66,18.620001,17.360001,18.379999,18.379999,0
2012/6/20,17.959999,20.049999,17.09,17.24,17.24,0
2012/6/21,16.889999,20.48,16.77,20.08,20.08,0
2012/6/22,18.65,19.370001,17.9,18.110001,18.110001,0
2012/6/25,20.469999,21.360001,19.889999,20.379999,20.379999,0
2012/6/26,20.01,20.57,19.42,19.719999,19.719999,0
2012/6/27,19.549999,20.120001,19.379999,19.450001,19.450001,0
2012/6/28,20.33,21.190001,19.6,19.709999,19.709999,0
2012/6/29,17.52,19.709999,16.870001,17.08,17.08,0
2012/7/2,17.620001,18.190001,16.66,16.799999,16.799999,0
2012/7/3,16.67,16.92,16.27,16.66,16.66,0
2012/7/5,17.610001,18.219999,17.18,17.5,17.5,0
2012/7/6,18.200001,18.25,16.950001,17.1,17.1,0
2012/7/9,18.17,18.32,17.73,17.98,17.98,0
2012/7/10,17.51,19.190001,17.290001,18.719999,18.719999,0
2012/7/11,17.98,19.17,17.84,17.950001,17.950001,0
2012/7/12,18.82,19.51,17.75,18.33,18.33,0
2012/7/13,17.780001,17.82,16.360001,16.74,16.74,0
2012/7/16,17.309999,17.32,16.459999,17.110001,17.110001,0
2012/7/17,16.719999,17.459999,16.09,16.48,16.48,0
2012/7/18,16.809999,16.809999,15.69,16.16,16.16,0
2012/7/19,16.059999,16.700001,15.45,15.45,15.45,0
2012/7/20,16.65,17.049999,15.97,16.27,16.27,0
2012/7/23,20.41,20.49,18.34,18.620001,18.620001,0
2012/7/24,18.379999,21,18.370001,20.469999,20.469999,0
2012/7/25,19.790001,20.67,18.99,19.34,19.34,0
2012/7/26,17.68,18.469999,17.07,17.530001,17.530001,0
2012/7/27,17.110001,17.299999,16.52,16.700001,16.700001,0
2012/7/30,17.549999,18.08,17.23,18.030001,18.030001,0
2012/7/31,18.4,19.09,18.26,18.93,18.93,0
2012/8/1,18.799999,19.18,18.200001,18.959999,18.959999,0
2012/8/2,19.049999,19.25,17.559999,17.57,17.57,0
2012/8/3,16.049999,16.450001,15.64,15.64,15.64,0
2012/8/6,15.85,16.27,15.82,15.95,15.95,0
2012/8/7,15.55,16.030001,15.48,15.99,15.99,0
2012/8/8,16.459999,16.469999,15.27,15.32,15.32,0
2012/8/9,15.39,15.67,15.28,15.28,15.28,0
2012/8/10,15.34,15.5,14.73,14.74,14.74,0
2012/8/13,14.09,14.67,13.67,13.7,13.7,0
2012/8/14,13.91,15.06,13.91,14.85,14.85,0
2012/8/15,14.82,14.98,14.36,14.63,14.63,0
2012/8/16,14.88,15.15,14.28,14.29,14.29,0
2012/8/17,14.23,14.3,13.3,13.45,13.45,0
2012/8/20,14.11,14.78,13.38,14.02,14.02,0
2012/8/21,14.1,15.44,13.46,15.02,15.02,0
2012/8/22,15.32,15.52,14.75,15.11,15.11,0
2012/8/23,15,16.450001,15,15.96,15.96,0
2012/8/24,15.99,16,15.18,15.18,15.18,0
2012/8/27,16.15,16.379999,15.75,16.35,16.35,0
2012/8/28,16.32,16.92,16.01,16.49,16.49,0
2012/8/29,16.610001,17.059999,16.5,17.059999,17.059999,0
2012/8/30,17.48,18.049999,17.440001,17.83,17.83,0
2012/8/31,17.25,18.040001,16.559999,17.469999,17.469999,0
2012/9/4,18.65,18.959999,17.85,17.98,17.98,0
2012/9/5,17.379999,17.84,16.99,17.74,17.74,0
2012/9/6,17.299999,17.299999,15.6,15.6,15.6,0
2012/9/7,15.6,15.6,14.33,14.38,14.38,0
2012/9/10,14.27,16.280001,13.97,16.280001,16.280001,0
2012/9/11,16.110001,16.41,15.46,16.41,16.41,0
2012/9/12,15.59,16.309999,15.43,15.8,15.8,0
2012/9/13,15.6,16.540001,13.91,14.05,14.05,0
2012/9/14,13.82,14.71,13.51,14.51,14.51,0
2012/9/17,14.67,14.92,14.38,14.59,14.59,0
2012/9/18,14.51,14.88,13.97,14.18,14.18,0
2012/9/19,13.95,14.08,13.61,13.88,13.88,0
2012/9/20,14.63,14.67,14.07,14.07,14.07,0
2012/9/21,13.94,14.18,13.69,13.98,13.98,0
2012/9/24,15.06,15.06,13.87,14.15,14.15,0
2012/9/25,14.19,15.72,14.03,15.43,15.43,0
2012/9/26,15.83,17.08,15.83,16.809999,16.809999,0
2012/9/27,16.379999,16.5,14.83,14.84,14.84,0
2012/9/28,15.23,15.77,14.95,15.73,15.73,0
2012/10/1,16.030001,16.530001,15.13,16.32,16.32,0
2012/10/2,15.85,16.5,15.7,15.71,15.71,0
2012/10/3,15.63,16.02,15.13,15.43,15.43,0
2012/10/4,15.23,15.33,14.53,14.55,14.55,0
2012/10/5,13.68,14.78,13.67,14.33,14.33,0
2012/10/8,15.19,15.46,15.04,15.11,15.11,0
2012/10/9,15.28,16.4,15.18,16.370001,16.370001,0
2012/10/10,16.52,16.790001,16.129999,16.290001,16.290001,0
2012/10/11,15.33,15.8,15.31,15.59,15.59,0
2012/10/12,15.41,16.18,14.96,16.139999,16.139999,0
2012/10/15,16.049999,16.209999,15.23,15.27,15.27,0
2012/10/16,14.84,15.23,14.5,15.22,15.22,0
2012/10/17,15.43,15.63,14.9,15.07,15.07,0
2012/10/18,15.25,15.5,14.68,15.03,15.03,0
2012/10/19,14.91,17.6,14.9,17.059999,17.059999,0
2012/10/22,17.440001,17.98,16.620001,16.620001,16.620001,0
2012/10/23,18.23,19.65,18.17,18.83,18.83,0
2012/10/24,18.219999,18.67,17.93,18.33,18.33,0
2012/10/25,17.559999,18.639999,17.299999,18.120001,18.120001,0
2012/10/26,18.030001,18.639999,17.52,17.809999,17.809999,0
2012/10/31,17.68,18.84,17.559999,18.6,18.6,0
2012/11/1,17.77,17.790001,16.450001,16.690001,16.690001,0
2012/11/2,16.059999,17.6,16.049999,17.59,17.59,0
2012/11/5,18.33,18.700001,18.129999,18.42,18.42,0
2012/11/6,18.16,18.17,17.190001,17.58,17.58,0
2012/11/7,17.719999,19.4,17.620001,19.08,19.08,0
2012/11/8,18.690001,18.690001,17.959999,18.49,18.49,0
2012/11/9,18.799999,18.809999,17.67,18.610001,18.610001,0
2012/11/12,18.15,18.15,16.450001,16.68,16.68,0
2012/11/13,17.360001,17.379999,16.120001,16.65,16.65,0
2012/11/14,16.32,18.049999,15.93,17.92,17.92,0
2012/11/15,17.74,18.639999,17.620001,17.99,17.99,0
2012/11/16,17.65,18.5,16.41,16.41,16.41,0
2012/11/19,15.88,15.98,15.1,15.24,15.24,0
2012/11/20,15.11,15.65,15.06,15.08,15.08,0
2012/11/21,14.96,15.43,14.77,15.31,15.31,0
2012/11/23,15,15.26,15,15.14,15.14,0
2012/11/26,15.63,15.84,15.47,15.5,15.5,0
2012/11/27,15.3,15.93,15.01,15.92,15.92,0
2012/11/28,16.43,16.98,15.47,15.51,15.51,0
2012/11/29,15.21,15.51,15.02,15.06,15.06,0
2012/11/30,15.26,16.17,14.89,15.87,15.87,0
2012/12/3,15.81,16.690001,15.76,16.639999,16.639999,0
2012/12/4,16.66,17.370001,16.379999,17.120001,17.120001,0
2012/12/5,16.950001,17.530001,16.27,16.459999,16.459999,0
2012/12/6,16.59,16.85,16.309999,16.58,16.58,0
2012/12/7,16.120001,16.65,15.73,15.9,15.9,0
2012/12/10,16.469999,16.469999,15.96,16.049999,16.049999,0
2012/12/11,15.94,16.01,15.42,15.57,15.57,0
2012/12/12,15.6,16.09,15.41,15.95,15.95,0
2012/12/13,15.87,16.67,15.71,16.559999,16.559999,0
2012/12/14,16.68,17.15,16.610001,17,17,0
2012/12/17,17.200001,17.200001,16.209999,16.34,16.34,0
2012/12/18,16.389999,16.43,15.46,15.57,15.57,0
2012/12/19,16.049999,17.459999,16.040001,17.360001,17.360001,0
2012/12/20,17.26,17.959999,17.110001,17.67,17.67,0
2012/12/21,19.85,19.93,17.76,17.84,17.84,0
2012/12/24,18.459999,18.66,17.84,17.84,17.84,0
2012/12/26,18.709999,19.629999,18.610001,19.48,19.48,0
2012/12/27,19.389999,20.9,19.110001,19.469999,19.469999,0
2012/12/28,20.32,23.23,19.940001,22.719999,22.719999,0
2012/12/31,22.139999,22.719999,17.879999,18.02,18.02,0
2013/1/2,15.24,15.93,14.6,14.68,14.68,0
2013/1/3,14.77,14.92,14.24,14.56,14.56,0
2013/1/4,14.23,14.31,13.64,13.83,13.83,0
2013/1/7,14.53,14.53,13.71,13.79,13.79,0
2013/1/8,13.88,14.29,13.62,13.62,13.62,0
2013/1/9,13.32,13.93,13.22,13.81,13.81,0
2013/1/10,13.33,13.88,13.33,13.49,13.49,0
2013/1/11,13.55,13.79,13.22,13.36,13.36,0
2013/1/14,13.66,13.85,13.41,13.52,13.52,0
2013/1/15,13.97,13.99,13.33,13.55,13.55,0
2013/1/16,13.7,13.76,13.2,13.42,13.42,0
2013/1/17,13.45,13.7,13.16,13.57,13.57,0
2013/1/18,13.52,13.53,12.29,12.46,12.46,0
2013/1/22,13.28,13.32,12.43,12.43,12.43,0
2013/1/23,12.67,12.67,12.3,12.46,12.46,0
2013/1/24,12.73,13.5,12.4,12.69,12.69,0
2013/1/25,12.63,12.99,12.5,12.89,12.89,0
2013/1/28,13.29,13.91,13.29,13.57,13.57,0
2013/1/29,13.87,13.88,13.04,13.31,13.31,0
2013/1/30,13.64,14.33,13.6,14.32,14.32,0
2013/1/31,14.43,14.43,14.04,14.28,14.28,0
2013/2/1,13.37,13.38,12.72,12.9,12.9,0
2013/2/4,14,14.75,13.8,14.67,14.67,0
2013/2/5,14.21,14.21,13.39,13.72,13.72,0
2013/2/6,14.06,14.08,13.34,13.41,13.41,0
2013/2/7,13.47,14.41,13.43,13.5,13.5,0
2013/2/8,13.2,13.2,12.89,13.02,13.02,0
2013/2/11,13.37,13.42,12.91,12.94,12.94,0
2013/2/12,12.82,13.13,12.63,12.64,12.64,0
2013/2/13,12.88,13.19,12.67,12.98,12.98,0
2013/2/14,13.3,13.32,12.64,12.66,12.66,0
2013/2/15,12.47,12.89,12.24,12.46,12.46,0
2013/2/19,12.81,12.85,12.08,12.31,12.31,0
2013/2/20,12.32,14.68,12.32,14.68,14.68,0
2013/2/21,14.68,16.209999,14.67,15.22,15.22,0
2013/2/22,14.6,15.02,14.16,14.17,14.17,0
2013/2/25,13.69,19.280001,13.57,18.99,18.99,0
2013/2/26,17.5,18.23,16.75,16.870001,16.870001,0
2013/2/27,16.57,16.6,14.42,14.73,14.73,0
2013/2/28,15,15.6,14.16,15.51,15.51,0
2013/3/1,16.1,16.82,15.14,15.36,15.36,0
2013/3/4,16.16,16.16,14.01,14.01,14.01,0
2013/3/5,13.44,13.66,13.24,13.48,13.48,0
2013/3/6,13.18,13.77,13.17,13.53,13.53,0
2013/3/7,13.45,13.56,13.03,13.06,13.06,0
2013/3/8,12.67,13.3,12.49,12.59,12.59,0
2013/3/11,12.31,12.34,11.5,11.56,11.56,0
2013/3/12,11.79,12.93,11.74,12.27,12.27,0
2013/3/13,12.18,12.55,11.79,11.83,11.83,0
2013/3/14,11.7,11.75,11.05,11.3,11.3,0
2013/3/15,11.52,11.99,11.21,11.3,11.3,0
2013/3/18,13.47,13.64,12.57,13.36,13.36,0
2013/3/19,13.03,15.4,12.92,14.39,14.39,0
2013/3/20,13.18,13.18,12.3,12.67,12.67,0
2013/3/21,13.07,14.21,12.62,13.99,13.99,0
2013/3/22,13.34,13.85,13.19,13.57,13.57,0
2013/3/25,12.85,14.61,12.39,13.74,13.74,0
2013/3/26,12.95,13.21,12.69,12.77,12.77,0
2013/3/27,13.72,13.97,12.97,13.15,13.15,0
2013/3/28,12.91,13.07,12.54,12.7,12.7,0
2013/4/1,13.46,14.05,13.26,13.58,13.58,0
2013/4/2,13.11,13.18,12.76,12.78,12.78,0
2013/4/3,12.65,14.66,12.62,14.21,14.21,0
2013/4/4,14.1,14.79,13.89,13.89,13.89,0
2013/4/5,15.64,15.65,13.86,13.92,13.92,0
2013/4/8,14.04,14.5,13.19,13.19,13.19,0
2013/4/9,13.11,13.68,12.75,12.84,12.84,0
2013/4/10,12.66,12.88,12.32,12.36,12.36,0
2013/4/11,12.55,12.62,12.15,12.24,12.24,0
2013/4/12,12.61,13.12,11.99,12.06,12.06,0
2013/4/15,13.12,17.27,12.66,17.27,17.27,0
2013/4/16,14.72,14.87,13.91,13.96,13.96,0
2013/4/17,15.35,17.9,14.98,16.51,16.51,0
2013/4/18,16.34,18.200001,16.32,17.559999,17.559999,0
2013/4/19,16.67,16.98,14.87,14.97,14.97,0
2013/4/22,15.08,16,14.04,14.39,14.39,0
2013/4/23,13.81,14.87,13.46,13.48,13.48,0
2013/4/24,13.57,13.75,13.36,13.61,13.61,0
2013/4/25,13.61,13.87,13.13,13.62,13.62,0
2013/4/26,13.94,14.18,13.49,13.61,13.61,0
2013/4/29,13.72,13.94,13.36,13.71,13.71,0
2013/4/30,13.71,14.28,13.51,13.52,13.52,0
2013/5/1,13.88,14.67,13.87,14.49,14.49,0
2013/5/2,14.48,14.48,13.58,13.59,13.59,0
2013/5/3,12.92,13.15,12.77,12.85,12.85,0
2013/5/6,13.06,13.19,12.66,12.66,12.66,0
2013/5/7,12.63,12.96,12.49,12.83,12.83,0
2013/5/8,12.87,13.04,12.62,12.66,12.66,0
2013/5/9,12.91,13.53,12.78,13.13,13.13,0
2013/5/10,13.08,13.45,12.54,12.59,12.59,0
2013/5/13,12.57,12.87,12.49,12.55,12.55,0
2013/5/14,12.61,13.21,12.54,12.77,12.77,0
2013/5/15,12.98,13.43,12.78,12.81,12.81,0
2013/5/16,13.07,13.46,12.79,13.07,13.07,0
2013/5/17,12.73,12.94,12.26,12.45,12.45,0
2013/5/20,13.28,13.28,12.84,13.02,13.02,0
2013/5/21,13.08,13.44,12.89,13.37,13.37,0
2013/5/22,13.45,14.45,13.05,13.82,13.82,0
2013/5/23,14.94,15.11,13.87,14.07,14.07,0
2013/5/24,14.59,14.79,13.99,13.99,13.99,0
2013/5/28,13.67,14.56,13.56,14.48,14.48,0
2013/5/29,15.3,15.65,14.59,14.83,14.83,0
2013/5/30,14.9,14.98,14.27,14.53,14.53,0
2013/5/31,15.02,16.35,14.36,16.299999,16.299999,0
2013/6/3,16.4,17.58,16.15,16.280001,16.280001,0
2013/6/4,16.16,17.25,15.82,16.27,16.27,0
2013/6/5,16.860001,17.84,16.57,17.5,17.5,0
2013/6/6,17.700001,18.51,16.6,16.629999,16.629999,0
2013/6/7,15.9,16.209999,14.96,15.14,15.14,0
2013/6/10,15.16,15.6,15.1,15.44,15.44,0
2013/6/11,16.91,17.139999,16,17.07,17.07,0
2013/6/12,16.51,18.6,16.43,18.59,18.59,0
2013/6/13,18.379999,18.58,16.370001,16.41,16.41,0
2013/6/14,16.629999,17.26,16.030001,17.15,17.15,0
2013/6/17,16.530001,17.620001,16.33,16.799999,16.799999,0
2013/6/18,16.809999,16.950001,16.459999,16.610001,16.610001,0
2013/6/19,16.889999,17.18,15.36,16.639999,16.639999,0
2013/6/20,18.4,21.32,18.01,20.49,20.49,0
2013/6/21,18.969999,20.93,18.25,18.9,18.9,0
2013/6/24,20.870001,21.91,18.58,20.110001,20.110001,0
2013/6/25,18.65,19.219999,17.82,18.469999,18.469999,0
2013/6/26,17.23,18.059999,17.08,17.209999,17.209999,0
2013/6/27,16.6,16.969999,16.34,16.860001,16.860001,0
2013/6/28,17.25,17.690001,16.190001,16.860001,16.860001,0
2013/7/1,16.9,16.9,16,16.370001,16.370001,0
2013/7/2,16.49,16.93,15.88,16.440001,16.440001,0
2013/7/3,17.219999,17.32,16.200001,16.200001,16.200001,0
2013/7/5,15.59,16.280001,14.89,14.89,14.89,0
2013/7/8,14.66,15.27,14.66,14.78,14.78,0
2013/7/9,14.33,14.65,14.26,14.35,14.35,0
2013/7/10,14.46,14.62,14.06,14.21,14.21,0
2013/7/11,13.57,14.2,13.57,14.01,14.01,0
2013/7/12,13.9,14.04,13.74,13.84,13.84,0
2013/7/15,13.98,14.11,13.5,13.79,13.79,0
2013/7/16,13.78,14.56,13.78,14.42,14.42,0
2013/7/17,14.2,14.44,13.76,13.78,13.78,0
2013/7/18,13.63,13.8,13.2,13.77,13.77,0
2013/7/19,13.89,13.97,12.54,12.54,12.54,0
2013/7/22,13.23,13.37,12.29,12.29,12.29,0
2013/7/23,12.15,13.06,12.07,12.66,12.66,0
2013/7/24,12.69,13.49,12.69,13.18,13.18,0
2013/7/25,13.47,13.54,12.91,12.97,12.97,0
2013/7/26,13.41,13.73,12.71,12.72,12.72,0
2013/7/29,13.54,13.86,13.38,13.39,13.39,0
2013/7/30,13.45,14.14,13.35,13.39,13.39,0
2013/7/31,13.55,13.83,12.94,13.45,13.45,0
2013/8/1,12.89,13.25,12.82,12.94,12.94,0
2013/8/2,12.66,12.74,11.98,11.98,11.98,0
2013/8/5,12.29,12.42,11.83,11.84,11.84,0
2013/8/6,12.19,12.93,12.06,12.72,12.72,0
2013/8/7,13.17,13.91,12.96,12.98,12.98,0
2013/8/8,12.5,13.13,12.37,12.73,12.73,0
2013/8/9,12.88,13.66,12.71,13.41,13.41,0
2013/8/12,13.52,13.57,12.8,12.81,12.81,0
2013/8/13,12.86,13.37,12.29,12.31,12.31,0
2013/8/14,12.48,13.09,12.35,13.04,13.04,0
2013/8/15,14.14,14.85,13.91,14.73,14.73,0
2013/8/16,14.56,14.88,13.62,14.37,14.37,0
2013/8/19,14.94,15.2,14.35,15.1,15.1,0
2013/8/20,15.22,15.25,14.29,14.91,14.91,0
2013/8/21,16,16.559999,14.67,15.94,15.94,0
2013/8/22,15.26,15.26,14.66,14.76,14.76,0
2013/8/23,14.29,14.82,13.98,13.98,13.98,0
2013/8/26,14.37,15.01,13.9,14.99,14.99,0
2013/8/27,16.559999,17.129999,15.82,16.77,16.77,0
2013/8/28,16.959999,17.110001,16.1,16.49,16.49,0
2013/8/29,16.790001,16.98,15.99,16.809999,16.809999,0
2013/8/30,16.75,17.809999,16.700001,17.01,17.01,0
2013/9/3,16.469999,17.370001,16.110001,16.610001,16.610001,0
2013/9/4,16.879999,17.01,15.77,15.88,15.88,0
2013/9/5,16.120001,16.120001,15.63,15.77,15.77,0
2013/9/6,15.35,16.809999,15.17,15.85,15.85,0
2013/9/9,15.86,16.02,15.22,15.63,15.63,0
2013/9/10,14.89,15.09,14.5,14.53,14.53,0
2013/9/11,14.74,14.74,13.82,13.82,13.82,0
2013/9/12,13.93,14.39,13.73,14.29,14.29,0
2013/9/13,14.27,14.55,14.11,14.16,14.16,0
2013/9/16,14.1,14.49,13.87,14.38,14.38,0
2013/9/17,14.44,14.61,14.28,14.53,14.53,0
2013/9/18,14.68,14.68,13.23,13.59,13.59,0
2013/9/19,13.02,13.39,13.02,13.16,13.16,0
2013/9/20,13.3,13.47,12.52,13.12,13.12,0
2013/9/23,14.04,14.71,14.02,14.31,14.31,0
2013/9/24,14.17,14.37,13.75,14.08,14.08,0
2013/9/25,14.24,14.62,13.89,14.01,14.01,0
2013/9/26,13.8,14.4,13.58,14.06,14.06,0
2013/9/27,14.62,15.79,14.62,15.46,15.46,0
2013/9/30,17.49,17.49,16.16,16.6,16.6,0
2013/10/1,16.309999,16.459999,15.47,15.54,15.54,0
2013/10/2,16.4,16.809999,16.129999,16.6,16.6,0
2013/10/3,16.629999,18.709999,16.629999,17.67,17.67,0
2013/10/4,17.719999,17.870001,16.66,16.74,16.74,0
2013/10/7,18.76,19.41,18.08,19.41,19.41,0
2013/10/8,19.01,21.01,18.98,20.34,20.34,0
2013/10/9,20.190001,21.34,19.040001,19.6,19.6,0
2013/10/10,17.66,17.92,16.290001,16.48,16.48,0
2013/10/11,16.309999,16.379999,15.46,15.72,15.72,0
2013/10/14,17.08,17.74,15.8,16.07,16.07,0
2013/10/15,16.41,18.67,16.16,18.66,18.66,0
2013/10/16,17.139999,17.15,14.67,14.71,14.71,0
2013/10/17,14.52,14.59,12.89,13.48,13.48,0
2013/10/18,12.86,13.53,12.34,13.04,13.04,0
2013/10/21,13.34,13.63,13.07,13.16,13.16,0
2013/10/22,12.99,13.92,12.93,13.33,13.33,0
2013/10/23,13.71,14.21,13.42,13.42,13.42,0
2013/10/24,13.5,13.62,13.15,13.2,13.2,0
2013/10/25,13.16,13.44,13.08,13.09,13.09,0
2013/10/28,13.62,13.72,13.22,13.31,13.31,0
2013/10/29,13.25,13.63,13.06,13.41,13.41,0
2013/10/30,13.72,14.35,13.64,13.65,13.65,0
2013/10/31,13.83,14.02,13.28,13.75,13.75,0
2013/11/1,13.46,13.92,13.22,13.28,13.28,0
2013/11/4,13.35,13.67,12.91,12.93,12.93,0
2013/11/5,13.22,13.64,12.86,13.27,13.27,0
2013/11/6,13.01,13.33,12.67,12.67,12.67,0
2013/11/7,12.99,14.14,12.93,13.91,13.91,0
2013/11/8,13.76,13.8,12.84,12.9,12.9,0
2013/11/11,12.85,12.93,12.4,12.53,12.53,0
2013/11/12,12.8,13.06,12.63,12.82,12.82,0
2013/11/13,13.35,13.35,12.46,12.52,12.52,0
2013/11/14,12.8,12.94,12.28,12.37,12.37,0
2013/11/15,12.12,12.45,11.99,12.19,12.19,0
2013/11/18,12.41,13.22,12.41,13.1,13.1,0
2013/11/19,13.03,13.68,12.88,13.39,13.39,0
2013/11/20,13.56,13.94,12.97,13.4,13.4,0
2013/11/21,13.09,13.09,12.44,12.66,12.66,0
2013/11/22,12.69,12.91,12.24,12.26,12.26,0
2013/11/25,12.55,12.92,12.49,12.79,12.79,0
2013/11/26,12.84,12.99,12.49,12.81,12.81,0
2013/11/27,12.81,12.98,12.44,12.98,12.98,0
2013/11/29,13.06,13.78,12.93,13.7,13.7,0
2013/12/2,13.91,14.31,13.78,14.23,14.23,0
2013/12/3,14.74,15.04,14.43,14.55,14.55,0
2013/12/4,15.03,15.71,14.22,14.7,14.7,0
2013/12/5,14.82,15.38,14.7,15.08,15.08,0
2013/12/6,13.97,14.09,13.62,13.79,13.79,0
2013/12/9,13.97,14.07,13.49,13.49,13.49,0
2013/12/10,14.14,14.22,13.69,13.91,13.91,0
2013/12/11,13.98,15.43,13.98,15.42,15.42,0
2013/12/12,15.44,16.09,15.21,15.54,15.54,0
2013/12/13,15.17,15.8,15.06,15.76,15.76,0
2013/12/16,15.64,16.08,15.3,16.030001,16.030001,0
2013/12/17,16.040001,16.67,15.81,16.209999,16.209999,0
2013/12/18,15.95,16.75,13.74,13.8,13.8,0
2013/12/19,13.59,14.21,12.89,14.15,14.15,0
2013/12/20,13.61,13.87,13.12,13.79,13.79,0
2013/12/23,13.37,13.53,13.02,13.04,13.04,0
2013/12/24,12.85,12.89,12.48,12.48,12.48,0
2013/12/26,12.48,12.5,11.69,12.33,12.33,0
2013/12/27,12.21,12.59,12.2,12.46,12.46,0
2013/12/30,12.87,13.58,12.83,13.56,13.56,0
2013/12/31,13.43,14.35,13.38,13.72,13.72,0
2014/1/2,14.32,14.59,14,14.23,14.23,0
2014/1/3,14.06,14.22,13.57,13.76,13.76,0
2014/1/6,13.41,14,13.22,13.55,13.55,0
2014/1/7,12.38,13.28,12.16,12.92,12.92,0
2014/1/8,13.04,13.24,12.86,12.87,12.87,0
2014/1/9,12.83,13.26,12.83,12.89,12.89,0
2014/1/10,12.6,12.9,12.14,12.14,12.14,0
2014/1/13,12.18,13.65,11.82,13.28,13.28,0
2014/1/14,12.89,12.9,11.96,12.28,12.28,0
2014/1/15,12.15,12.4,11.81,12.28,12.28,0
2014/1/16,12.32,12.66,12.28,12.53,12.53,0
2014/1/17,12.34,12.93,12.04,12.44,12.44,0
2014/1/21,12.63,13.42,12.61,12.87,12.87,0
2014/1/22,12.57,13.12,12.55,12.84,12.84,0
2014/1/23,13.67,14.66,13.67,13.77,13.77,0
2014/1/24,14.95,18.139999,14.92,18.139999,18.139999,0
2014/1/27,17.290001,18.99,16.85,17.42,17.42,0
2014/1/28,17.27,17.280001,15.8,15.8,15.8,0
2014/1/29,17.950001,18.040001,16.709999,17.35,17.35,0
2014/1/30,16.370001,17.389999,15.96,17.290001,17.290001,0
2014/1/31,18.709999,18.99,17.27,18.41,18.41,0
2014/2/3,18.57,21.48,18.34,21.440001,21.440001,0
2014/2/4,19.99,20.07,18.440001,19.110001,19.110001,0
2014/2/5,19.59,20.719999,19.129999,19.950001,19.950001,0
2014/2/6,19.09,19.09,17.09,17.23,17.23,0
2014/2/7,16.15,16.309999,15.09,15.29,15.29,0
2014/2/10,15.63,15.76,15.1,15.26,15.26,0
2014/2/11,15.29,15.29,14.08,14.51,14.51,0
2014/2/12,14.31,14.64,14.02,14.3,14.3,0
2014/2/13,15.24,15.24,13.98,14.14,14.14,0
2014/2/14,14.21,14.22,13.44,13.57,13.57,0
2014/2/18,13.95,14.51,13.77,13.87,13.87,0
2014/2/19,14.85,15.73,14.12,15.5,15.5,0
2014/2/20,15.28,15.8,14.59,14.79,14.79,0
2014/2/21,14.74,14.79,14.19,14.68,14.68,0
2014/2/24,14.83,14.83,13.97,14.23,14.23,0
2014/2/25,14.17,14.83,13.66,13.67,13.67,0
2014/2/26,13.83,14.54,13.73,14.35,14.35,0
2014/2/27,14.56,14.69,13.92,14.04,14.04,0
2014/2/28,14.22,14.79,13.49,14,14,0
2014/3/3,16.469999,16.780001,15.38,16,16,0
2014/3/4,14.53,14.54,14,14.1,14.1,0
2014/3/5,14.13,14.32,13.81,13.89,13.89,0
2014/3/6,13.82,14.42,13.73,14.21,14.21,0
2014/3/7,13.51,14.43,13.51,14.11,14.11,0
2014/3/10,14.76,15.28,14.2,14.2,14.2,0
2014/3/11,14.22,14.93,13.84,14.8,14.8,0
2014/3/12,15.37,15.64,14.43,14.47,14.47,0
2014/3/13,14.28,16.66,14.24,16.219999,16.219999,0
2014/3/14,16.74,18.219999,16.09,17.82,17.82,0
2014/3/17,16.389999,16.4,15.37,15.64,15.64,0
2014/3/18,15.42,15.47,14.16,14.52,14.52,0
2014/3/19,14.56,15.95,13.89,15.12,15.12,0
2014/3/20,15.58,15.62,14.5,14.52,14.52,0
2014/3/21,13.96,15.17,13.77,15,15,0
2014/3/24,14.7,16.07,14.56,15.09,15.09,0
2014/3/25,14.16,15.05,13.96,14.02,14.02,0
2014/3/26,13.64,15.28,13.46,14.93,14.93,0
2014/3/27,15,15.63,14.49,14.62,14.62,0
2014/3/28,14.15,14.86,13.73,14.41,14.41,0
2014/3/31,13.88,14.16,13.57,13.88,13.88,0
2014/4/1,13.43,13.56,13.06,13.1,13.1,0
2014/4/2,13.17,13.35,12.92,13.09,13.09,0
2014/4/3,13.02,13.7,13.02,13.37,13.37,0
2014/4/4,12.88,14.55,12.6,13.96,13.96,0
2014/4/7,14.96,16.01,14.57,15.57,15.57,0
2014/4/8,15.59,16.200001,14.81,14.89,14.89,0
2014/4/9,14.58,14.94,13.7,13.82,13.82,0
2014/4/10,13.98,16.379999,13.81,15.89,15.89,0
2014/4/11,16.66,17.85,15.89,17.030001,17.030001,0
2014/4/14,16.139999,17.4,16.1,16.110001,16.110001,0
2014/4/15,16.139999,17.5,15.47,15.61,15.61,0
2014/4/16,14.89,15.27,14.05,14.18,14.18,0
2014/4/17,14.09,14.17,13.07,13.36,13.36,0
2014/4/21,14.1,14.11,13.17,13.25,13.25,0
2014/4/22,13.13,13.26,12.9,13.19,13.19,0
2014/4/23,13.35,13.75,13.27,13.27,13.27,0
2014/4/24,13.36,14.08,13.09,13.32,13.32,0
2014/4/25,13.93,14.67,13.91,14.06,14.06,0
2014/4/28,14.27,15.28,13.82,13.97,13.97,0
2014/4/29,13.88,14.24,13.61,13.71,13.71,0
2014/4/30,14.05,14.18,13.34,13.41,13.41,0
2014/5/1,13.64,13.75,13.1,13.25,13.25,0
2014/5/2,13.15,13.5,12.83,12.91,12.91,0
2014/5/5,13.95,14.2,13.08,13.29,13.29,0
2014/5/6,13.65,13.9,13.28,13.8,13.8,0
2014/5/7,13.64,14.49,13.39,13.4,13.4,0
2014/5/8,13.69,13.88,12.92,13.43,13.43,0
2014/5/9,13.55,14.03,12.87,12.92,12.92,0
2014/5/12,12.46,12.58,11.88,12.23,12.23,0
2014/5/13,12.36,12.74,12.05,12.13,12.13,0
2014/5/14,12.42,12.51,12.03,12.17,12.17,0
2014/5/15,12.73,13.77,12.72,13.17,13.17,0
2014/5/16,13.31,13.66,12.26,12.44,12.44,0
2014/5/19,13.17,13.21,12.28,12.42,12.42,0
2014/5/20,12.69,13.3,12.32,12.96,12.96,0
2014/5/21,12.38,12.46,11.8,11.91,11.91,0
2014/5/22,11.93,12.09,11.68,12.03,12.03,0
2014/5/23,11.96,11.97,11.36,11.36,11.36,0
2014/5/27,11.69,11.84,11.5,11.51,11.51,0
2014/5/28,11.6,11.86,11.5,11.68,11.68,0
2014/5/29,11.58,11.82,11.41,11.57,11.57,0
2014/5/30,11.66,11.7,11.32,11.4,11.4,0
2014/6/2,11.69,12.17,11.29,11.58,11.58,0
2014/6/3,12.03,12.13,11.72,11.87,11.87,0
2014/6/4,12.15,12.33,11.91,12.08,12.08,0
2014/6/5,12.09,12.34,11.44,11.68,11.68,0
2014/6/6,11.32,11.39,10.73,10.73,10.73,0
2014/6/9,11.23,11.51,10.99,11.15,11.15,0
2014/6/10,11.3,11.66,10.93,10.99,10.99,0
2014/6/11,11.42,11.87,11.19,11.6,11.6,0
2014/6/12,11.81,12.81,11.71,12.56,12.56,0
2014/6/13,12.45,12.69,11.89,12.18,12.18,0
2014/6/16,12.65,12.87,12.28,12.65,12.65,0
2014/6/17,12.81,12.89,12.06,12.06,12.06,0
2014/6/18,11.8,11.91,10.57,10.61,10.61,0
2014/6/19,10.53,10.82,10.42,10.62,10.62,0
2014/6/20,10.4,11.02,10.34,10.85,10.85,0
2014/6/23,11.26,11.35,10.92,10.98,10.98,0
2014/6/24,11.02,12.27,10.87,12.13,12.13,0
2014/6/25,12.31,12.33,11.37,11.59,11.59,0
2014/6/26,11.51,12.51,11.5,11.63,11.63,0
2014/6/27,11.72,12.04,11.19,11.26,11.26,0
2014/6/30,11.75,11.81,11.3,11.57,11.57,0
2014/7/1,11.28,11.42,10.92,11.15,11.15,0
2014/7/2,11.18,11.18,10.56,10.82,10.82,0
2014/7/3,10.47,10.76,10.28,10.32,10.32,0
2014/7/7,11.15,11.54,11.01,11.33,11.33,0
2014/7/8,11.72,12.51,11.72,11.98,11.98,0
2014/7/9,11.74,12.05,11.5,11.65,11.65,0
2014/7/10,13.22,13.23,12.05,12.59,12.59,0
2014/7/11,12.5,12.68,12.07,12.08,12.08,0
2014/7/14,11.6,11.83,11.4,11.82,11.82,0
2014/7/15,11.53,12.47,11.46,11.96,11.96,0
2014/7/16,10.81,11.45,10.59,11,11,0
2014/7/17,11.35,15.38,10.85,14.54,14.54,0
2014/7/18,13.34,13.55,12.04,12.06,12.06,0
2014/7/21,12.85,13.62,12.46,12.81,12.81,0
2014/7/22,11.97,12.24,11.69,12.24,12.24,0
2014/7/23,11.54,12.16,11.41,11.52,11.52,0
2014/7/24,11.43,12.06,11.43,11.84,11.84,0
2014/7/25,12.03,12.75,12.03,12.69,12.69,0
2014/7/28,12.93,13.64,12.54,12.56,12.56,0
2014/7/29,12.35,13.35,12.12,13.28,13.28,0
2014/7/30,12.63,14.07,12.53,13.33,13.33,0
2014/7/31,14.35,17.110001,14.26,16.950001,16.950001,0
2014/8/1,16.67,17.57,15.52,17.030001,17.030001,0
2014/8/4,16.639999,16.799999,14.69,15.12,15.12,0
2014/8/5,15.54,17.139999,15.1,16.870001,16.870001,0
2014/8/6,17.219999,17.299999,15.7,16.370001,16.370001,0
2014/8/7,15.5,17.25,15.44,16.66,16.66,0
2014/8/8,16.43,17.09,15.53,15.77,15.77,0
2014/8/11,15.16,15.16,13.72,14.23,14.23,0
2014/8/12,14.42,14.74,13.76,14.13,14.13,0
2014/8/13,13.57,13.93,12.84,12.9,12.9,0
2014/8/14,13.05,13.13,12.42,12.42,12.42,0
2014/8/15,11.91,14.94,11.89,13.15,13.15,0
2014/8/18,12.85,12.85,12.26,12.32,12.32,0
2014/8/19,12.14,12.46,11.91,12.21,12.21,0
2014/8/20,12.23,12.24,11.6,11.78,11.78,0
2014/8/21,11.93,13.51,11.52,11.76,11.76,0
2014/8/22,11.88,12.48,11.47,11.47,11.47,0
2014/8/25,11.58,11.77,11.24,11.7,11.7,0
2014/8/26,11.33,11.93,11.33,11.63,11.63,0
2014/8/27,11.69,11.93,11.54,11.78,11.78,0
2014/8/28,12.38,12.73,12.05,12.05,12.05,0
2014/8/29,11.86,12.44,11.78,12.09,12.09,0
2014/9/2,12.32,13.41,12.23,12.25,12.25,0
2014/9/3,12.03,12.55,11.91,12.36,12.36,0
2014/9/4,12.4,12.99,11.7,12.64,12.64,0
2014/9/5,12.37,13.18,11.96,12.09,12.09,0
2014/9/8,12.64,13.09,12.4,12.66,12.66,0
2014/9/9,12.7,13.91,12.7,13.5,13.5,0
2014/9/10,13.36,14.06,12.86,12.88,12.88,0
2014/9/11,13.53,13.67,12.66,12.8,12.8,0
2014/9/12,12.85,14.27,12.85,13.31,13.31,0
2014/9/15,13.54,14.19,13.54,14.12,14.12,0
2014/9/16,14.48,14.53,12.72,12.73,12.73,0
2014/9/17,13.06,14.53,11.73,12.65,12.65,0
2014/9/18,12.55,12.58,11.98,12.03,12.03,0
2014/9/19,11.73,12.61,11.52,12.11,12.11,0
2014/9/22,13.14,13.98,13.13,13.69,13.69,0
2014/9/23,14.82,14.94,13.83,14.93,14.93,0
2014/9/24,14.62,14.93,13.24,13.27,13.27,0
2014/9/25,14.11,16.690001,14.03,15.64,15.64,0
2014/9/26,15.77,15.98,14.31,14.85,14.85,0
2014/9/29,16.959999,17.08,15.45,15.98,15.98,0
2014/9/30,15.49,16.43,15.18,16.309999,16.309999,0
2014/10/1,16.440001,17.559999,16.08,16.709999,16.709999,0
2014/10/2,16.700001,17.98,15.9,16.16,16.16,0
2014/10/3,15.16,15.43,14.44,14.55,14.55,0
2014/10/6,14.46,15.77,14.05,15.46,15.46,0
2014/10/7,16.18,17.459999,15.97,17.200001,17.200001,0
2014/10/8,17.35,18.030001,14.97,15.11,15.11,0
2014/10/9,15.64,19.379999,15.34,18.76,18.76,0
2014/10/10,19.110001,22.059999,18.139999,21.24,21.24,0
2014/10/13,21.16,24.639999,20.52,24.639999,24.639999,0
2014/10/14,23.77,24.549999,21.48,22.790001,22.790001,0
2014/10/15,26.360001,31.059999,24.639999,25.27,25.27,0
2014/10/16,29.26,29.41,24.610001,25.200001,25.200001,0
2014/10/17,21.68,23.08,20.23,21.99,21.99,0
2014/10/20,22.110001,22.16,18.51,18.57,18.57,0
2014/10/21,17.719999,17.75,16.030001,16.08,16.08,0
2014/10/22,16.059999,18.43,15.56,17.870001,17.870001,0
2014/10/23,16.07,17.059999,15.68,16.530001,16.530001,0
2014/10/24,16.43,18.059999,16.09,16.110001,16.110001,0
2014/10/27,17.24,17.870001,16,16.040001,16.040001,0
2014/10/28,15.69,15.78,14.39,14.39,14.39,0
2014/10/29,14.61,16.280001,14.19,15.15,15.15,0
2014/10/30,15.31,15.75,14.07,14.52,14.52,0
2014/10/31,13.84,14.83,13.72,14.03,14.03,0
2014/11/3,14.41,14.99,14.23,14.73,14.73,0
2014/11/4,15.05,15.93,14.83,14.89,14.89,0
2014/11/5,14.15,14.99,14.15,14.17,14.17,0
2014/11/6,14.46,15.08,13.67,13.67,13.67,0
2014/11/7,13.71,14.16,13.01,13.12,13.12,0
2014/11/10,13.16,13.25,12.38,12.67,12.67,0
2014/11/11,12.71,13.18,12.6,12.92,12.92,0
2014/11/12,13.76,13.76,12.99,13.02,13.02,0
2014/11/13,13.33,14.31,12.87,13.79,13.79,0
2014/11/14,13.79,14.15,13.31,13.31,13.31,0
2014/11/17,14.7,14.73,13.84,13.99,13.99,0
2014/11/18,13.86,13.99,13.13,13.86,13.86,0
2014/11/19,14.01,14.78,13.83,13.96,13.96,0
2014/11/20,14.66,15.74,13.58,13.58,13.58,0
2014/11/21,13.16,13.8,12.9,12.9,12.9,0
2014/11/24,12.92,13.02,12.43,12.62,12.62,0
2014/11/25,12.55,13.02,12.23,12.25,12.25,0
2014/11/26,12.27,12.4,11.91,12.07,12.07,0
2014/11/28,12.64,13.49,12.36,13.33,13.33,0
2014/12/1,14.16,14.75,13.94,14.16,14.16,0
2014/12/2,14.1,14.17,12.85,12.85,12.85,0
2014/12/3,12.75,12.88,12.21,12.5,12.5,0
2014/12/4,12.7,13.23,12.09,12.38,12.38,0
2014/12/5,12.08,12.28,11.53,11.89,11.89,0
2014/12/8,13.05,14.67,12.55,14.21,14.21,0
2014/12/9,16.23,16.68,15.12,15.35,15.35,0
2014/12/10,15.56,18.92,15.4,18.530001,18.530001,0
2014/12/11,17.68,20.129999,15.94,20.08,20.08,0
2014/12/12,20.51,23.059999,18.34,21.08,21.08,0
2014/12/15,19.59,24.83,17.77,20.42,20.42,0
2014/12/16,23.549999,25.200001,19.6,23.57,23.57,0
2014/12/17,23.9,24.610001,19.26,19.440001,19.440001,0
2014/12/18,17.139999,18.51,16.07,16.809999,16.809999,0
2014/12/19,16.57,17.200001,16.110001,16.49,16.49,0
2014/12/22,16.32,16.879999,15.03,15.25,15.25,0
2014/12/23,14.47,15.21,14.32,14.8,14.8,0
2014/12/24,14.52,14.54,14.01,14.37,14.37,0
2014/12/26,14.6,14.84,14.13,14.5,14.5,0
2014/12/29,16.040001,16.139999,15.06,15.06,15.06,0
2014/12/30,15.9,16.200001,15.48,15.92,15.92,0
2014/12/31,15.91,19.91,15.86,19.200001,19.200001,0
2015/1/2,17.76,20.139999,17.049999,17.790001,17.790001,0
2015/1/5,19.190001,21.290001,19.190001,19.92,19.92,0
2015/1/6,20.33,22.9,19.52,21.120001,21.120001,0
2015/1/7,20.15,20.719999,19.040001,19.309999,19.309999,0
2015/1/8,17.93,18.09,16.99,17.01,17.01,0
2015/1/9,16.440001,18.42,16.440001,17.549999,17.549999,0
2015/1/12,18.02,20.440001,18.02,19.6,19.6,0
2015/1/13,18.209999,21.58,17.65,20.559999,20.559999,0
2015/1/14,22.870001,23.34,21.32,21.48,21.48,0
2015/1/15,21.23,23.309999,20.860001,22.389999,22.389999,0
2015/1/16,22.799999,23.43,20.950001,20.950001,20.950001,0
2015/1/20,20.07,21.370001,19.58,19.889999,19.889999,0
2015/1/21,20.92,21.280001,18.639999,18.85,18.85,0
2015/1/22,17.98,19.23,16.07,16.4,16.4,0
2015/1/23,16.790001,17.09,15.81,16.66,16.66,0
2015/1/26,16.959999,17.43,15.52,15.52,15.52,0
2015/1/27,17.6,18.41,16.67,17.219999,17.219999,0
2015/1/28,16.969999,20.440001,16.92,20.440001,20.440001,0
2015/1/29,20.459999,21.559999,18.66,18.76,18.76,0
2015/1/30,20.23,22.18,19.24,20.969999,20.969999,0
2015/2/2,20.889999,22.809999,19.35,19.43,19.43,0
2015/2/3,18.41,18.889999,17.200001,17.33,17.33,0
2015/2/4,17.82,18.379999,16.82,18.33,18.33,0
2015/2/5,17.290001,17.43,16.67,16.85,16.85,0
2015/2/6,16.290001,18.74,16.059999,17.290001,17.290001,0
2015/2/9,19.16,19.280001,18.209999,18.549999,18.549999,0
2015/2/10,17.719999,18.360001,16.969999,17.23,17.23,0
2015/2/11,17.43,17.809999,16.82,16.959999,16.959999,0
2015/2/12,16.389999,16.469999,15.28,15.34,15.34,0
2015/2/13,15.11,15.64,14.69,14.69,14.69,0
2015/2/17,15.85,16.33,15.53,15.8,15.8,0
2015/2/18,16.74,16.74,15.44,15.45,15.45,0
2015/2/19,16.110001,16.219999,15.1,15.29,15.29,0
2015/2/20,15.73,16.290001,14.27,14.3,14.3,0
2015/2/23,15.05,15.48,14.49,14.56,14.56,0
2015/2/24,14.5,14.63,13.53,13.69,13.69,0
2015/2/25,13.64,14.06,12.86,13.84,13.84,0
2015/2/26,13.55,14.57,13.55,13.91,13.91,0
2015/2/27,14.07,14.17,13.29,13.34,13.34,0
2015/3/2,13.9,13.9,12.87,13.04,13.04,0
2015/3/3,13.35,14.69,13.25,13.86,13.86,0
2015/3/4,14.28,14.71,14.13,14.23,14.23,0
2015/3/5,14.01,14.58,13.88,14.04,14.04,0
2015/3/6,14.61,15.83,14.18,15.2,15.2,0
2015/3/9,15.72,15.76,14.71,15.06,15.06,0
2015/3/10,16.469999,16.91,16.030001,16.690001,16.690001,0
2015/3/11,16.440001,17.190001,16.290001,16.870001,16.870001,0
2015/3/12,16.450001,16.450001,15.3,15.42,15.42,0
2015/3/13,15.47,16.74,15.32,16,16,0
2015/3/16,15.78,15.89,15.36,15.61,15.61,0
2015/3/17,16.309999,16.370001,15.66,15.66,15.66,0
2015/3/18,14.6,16.290001,13.38,13.97,13.97,0
2015/3/19,14.68,14.97,13.84,14.07,14.07,0
2015/3/20,13.52,13.53,12.54,13.02,13.02,0
2015/3/23,13.52,13.53,12.89,13.41,13.41,0
2015/3/24,13.36,13.68,12.59,13.62,13.62,0
2015/3/25,13.26,15.55,13.2,15.44,15.44,0
2015/3/26,16.639999,17.190001,15.23,15.8,15.8,0
2015/3/27,15.73,15.83,14.19,15.07,15.07,0
2015/3/30,14.76,14.76,14.08,14.51,14.51,0
2015/3/31,14.97,15.74,14.33,15.29,15.29,0
2015/4/1,15.32,16.66,15.08,15.11,15.11,0
2015/4/2,15.3,15.51,14.27,14.67,14.67,0
2015/4/6,15.75,15.76,14.04,14.74,14.74,0
2015/4/7,14.57,14.81,14.01,14.78,14.78,0
2015/4/8,14.59,14.77,13.75,13.98,13.98,0
2015/4/9,14.14,14.59,13.09,13.09,13.09,0
2015/4/10,13.2,13.26,12.51,12.58,12.58,0
2015/4/13,13.17,14.31,12.71,13.94,13.94,0
2015/4/14,14.34,14.74,13.64,13.67,13.67,0
2015/4/15,13.58,13.58,12.83,12.84,12.84,0
2015/4/16,13.27,13.35,12.5,12.6,12.6,0
2015/4/17,13.97,15.02,13.73,13.89,13.89,0
2015/4/20,13.67,13.67,12.83,13.3,13.3,0
2015/4/21,12.75,13.51,12.66,13.25,13.25,0
2015/4/22,12.97,13.8,12.57,12.71,12.71,0
2015/4/23,12.96,12.96,12.12,12.48,12.48,0
2015/4/24,12.21,13.02,12.16,12.29,12.29,0
2015/4/27,12.34,13.4,12.33,13.12,13.12,0
2015/4/28,13.26,14.23,12.41,12.41,12.41,0
2015/4/29,13.44,14.34,12.61,13.39,13.39,0
2015/4/30,13.89,15.29,12.49,14.55,14.55,0
2015/5/1,13.98,13.98,12.68,12.7,12.7,0
2015/5/4,13.12,13.18,12.1,12.85,12.85,0
2015/5/5,13.21,14.41,12.97,14.31,14.31,0
2015/5/6,13.93,16.360001,13.89,15.15,15.15,0
2015/5/7,15.48,15.97,14.81,15.13,15.13,0
2015/5/8,13.36,13.42,12.7,12.86,12.86,0
2015/5/11,13.35,13.85,13,13.85,13.85,0
2015/5/12,14.73,15.13,13.73,13.86,13.86,0
2015/5/13,13.63,14.04,13.06,13.76,13.76,0
2015/5/14,13.14,13.29,12.72,12.74,12.74,0
2015/5/15,12.46,13.09,12.35,12.38,12.38,0
2015/5/18,13.08,13.22,12.55,12.73,12.73,0
2015/5/19,12.95,13.13,12.55,12.85,12.85,0
2015/5/20,12.9,13.27,12.62,12.88,12.88,0
2015/5/21,13.03,13.09,12.09,12.11,12.11,0
2015/5/22,12.37,12.37,11.82,12.13,12.13,0
2015/5/26,13.45,14.63,13.34,14.06,14.06,0
2015/5/27,14.16,14.41,13.05,13.27,13.27,0
2015/5/28,13.49,13.99,13.31,13.31,13.31,0
2015/5/29,13.59,14.43,13.4,13.84,13.84,0
2015/6/1,13.92,14.86,13.47,13.97,13.97,0
2015/6/2,14.72,15.05,13.59,14.24,14.24,0
2015/6/3,13.73,14.2,13.4,13.66,13.66,0
2015/6/4,14.57,15.49,13.99,14.71,14.71,0
2015/6/5,15.01,15.65,14.21,14.21,14.21,0
2015/6/8,14.84,15.5,14.67,15.29,15.29,0
2015/6/9,15.18,15.74,14.47,14.47,14.47,0
2015/6/10,14.24,14.37,12.96,13.22,13.22,0
2015/6/11,13.04,13.22,12.56,12.85,12.85,0
2015/6/12,13.31,14.02,13.3,13.78,13.78,0
2015/6/15,15.48,15.57,14.91,15.39,15.39,0
2015/6/16,15.62,15.62,14.81,14.81,14.81,0
2015/6/17,14.66,15.49,14.07,14.5,14.5,0
2015/6/18,14.03,14.03,12.54,13.19,13.19,0
2015/6/19,13.35,14,12.96,13.96,13.96,0
2015/6/22,13.42,13.46,12.43,12.74,12.74,0
2015/6/23,12.5,12.68,11.93,12.11,12.11,0
2015/6/24,12.57,13.33,12.01,13.26,13.26,0
2015/6/25,12.96,14.16,12.92,14.01,14.01,0
2015/6/26,14.13,14.91,13.64,14.02,14.02,0
2015/6/29,16.700001,19.5,15.82,18.85,18.85,0
2015/6/30,17.6,19.799999,17.49,18.23,18.23,0
2015/7/1,16.629999,17.26,15.65,16.09,16.09,0
2015/7/2,15.43,17.48,15.39,16.790001,16.790001,0
2015/7/6,18.65,18.950001,16.57,17.01,17.01,0
2015/7/7,17.219999,19.200001,15.93,16.09,16.09,0
2015/7/8,17.379999,19.76,16.940001,19.66,19.66,0
2015/7/9,17.459999,20.049999,17.200001,19.969999,19.969999,0
2015/7/10,17.450001,18.17,16.6,16.83,16.83,0
2015/7/13,15.29,15.36,13.82,13.9,13.9,0
2015/7/14,13.91,13.95,12.9,13.37,13.37,0
2015/7/15,13.35,13.97,12.81,13.23,13.23,0
2015/7/16,12.59,12.61,11.87,12.11,12.11,0
2015/7/17,11.77,12.22,11.77,11.95,11.95,0
2015/7/20,12.25,12.37,11.71,12.25,12.25,0
2015/7/21,12.42,12.79,12.21,12.22,12.22,0
2015/7/22,12.77,12.83,12.05,12.12,12.12,0
2015/7/23,12.06,13.08,11.73,12.64,12.64,0
2015/7/24,12.87,14.73,12.86,13.74,13.74,0
2015/7/27,15.6,16.27,15.03,15.6,15.6,0
2015/7/28,14.87,15.62,13.32,13.44,13.44,0
2015/7/29,13.57,13.59,11.85,12.5,12.5,0
2015/7/30,12.72,13.42,12.09,12.13,12.13,0
2015/7/31,12.03,12.63,11.82,12.12,12.12,0
2015/8/3,12.85,13.55,12.32,12.56,12.56,0
2015/8/4,12.66,13.22,12.29,13,13,0
2015/8/5,12.02,12.72,10.88,12.51,12.51,0
2015/8/6,12.2,14.25,12.16,13.77,13.77,0
2015/8/7,13.57,14.58,13.29,13.39,13.39,0
2015/8/10,12.73,12.78,12.18,12.23,12.23,0
2015/8/11,13.24,14.33,13.02,13.71,13.71,0
2015/8/12,15.19,16.280001,13.45,13.61,13.61,0
2015/8/13,13.87,14.33,13.06,13.49,13.49,0
2015/8/14,13.69,13.87,12.8,12.83,12.83,0
2015/8/17,14.32,14.52,13.01,13.02,13.02,0
2015/8/18,13.41,13.94,13.17,13.79,13.79,0
2015/8/19,14.84,15.96,13.73,15.25,15.25,0
2015/8/20,16.549999,19.24,16.129999,19.139999,19.139999,0
2015/8/21,22.549999,28.379999,20.799999,28.030001,28.030001,0
2015/8/24,28.030001,53.290001,28.030001,40.740002,40.740002,0
2015/8/25,31.129999,38.060001,28.08,36.02,36.02,0
2015/8/26,31.129999,35.619999,28.67,30.32,30.32,0
2015/8/27,27.110001,29.9,24.49,26.1,26.1,0
2015/8/28,26.690001,29.200001,25.77,26.049999,26.049999,0
2015/8/31,27.030001,29.370001,26.629999,28.43,28.43,0
2015/9/1,31.91,33.82,29.91,31.4,31.4,0
2015/9/2,29.139999,30.450001,24.77,26.09,26.09,0
2015/9/3,25.209999,26.309999,23.450001,25.610001,25.610001,0
2015/9/4,27.43,29.469999,25.68,27.799999,27.799999,0
2015/9/8,25.049999,26.25,24.129999,24.9,24.9,0
2015/9/9,22.389999,26.82,21.51,26.23,26.23,0
2015/9/10,26.870001,27.219999,23.530001,24.370001,24.370001,0
2015/9/11,25.379999,25.809999,23.15,23.200001,23.200001,0
2015/9/14,24.030001,25.32,23.639999,24.25,24.25,0
2015/9/15,23.280001,23.77,22.129999,22.540001,22.540001,0
2015/9/16,22.57,22.940001,21.09,21.35,21.35,0
2015/9/17,21.540001,23.33,17.870001,21.139999,21.139999,0
2015/9/18,23.07,23.99,20.98,22.280001,22.280001,0
2015/9/21,21.969999,22.48,20.049999,20.139999,20.139999,0
2015/9/22,22.969999,26.290001,22.25,22.440001,22.440001,0
2015/9/23,22.09,23.200001,21.139999,22.129999,22.129999,0
2015/9/24,23.530001,25.299999,21.809999,23.469999,23.469999,0
2015/9/25,21.120001,24.290001,20.809999,23.620001,23.620001,0
2015/9/28,25.02,28.33,24.940001,27.629999,27.629999,0
2015/9/29,26.57,28.200001,25.76,26.83,26.83,0
2015/9/30,24.639999,25.879999,23.25,24.5,24.5,0
2015/10/1,23.139999,25.23,22.549999,22.549999,22.549999,0
2015/10/2,23.99,24.469999,20.35,20.940001,20.940001,0
2015/10/5,20.309999,20.42,19.139999,19.540001,19.540001,0
2015/10/6,19.540001,20.32,18.82,19.4,19.4,0
2015/10/7,18.959999,19.73,18.33,18.4,18.4,0
2015/10/8,18.620001,19.02,16.34,17.42,17.42,0
2015/10/9,17.15,18.200001,16.889999,17.08,17.08,0
2015/10/12,17.68,17.809999,16.15,16.17,16.17,0
2015/10/13,17.08,17.700001,16.139999,17.67,17.67,0
2015/10/14,17.67,18.780001,17.299999,18.030001,18.030001,0
2015/10/15,17.620001,17.85,16.040001,16.049999,16.049999,0
2015/10/16,15.64,16.860001,15.05,15.05,15.05,0
2015/10/19,15.68,16.23,14.82,14.98,14.98,0
2015/10/20,15.17,16.34,14.72,15.75,15.75,0
2015/10/21,14.98,16.700001,14.41,16.700001,16.700001,0
2015/10/22,15.02,15.92,14.45,14.45,14.45,0
2015/10/23,13.46,15.12,13.24,14.46,14.46,0
2015/10/26,14.76,15.43,14.68,15.29,15.29,0
2015/10/27,15.75,15.99,14.78,15.43,15.43,0
2015/10/28,15.14,15.73,12.8,14.33,14.33,0
2015/10/29,14.8,15.46,14.33,14.61,14.61,0
2015/10/30,14.6,15.39,14,15.07,15.07,0
2015/11/2,15.41,15.51,13.67,14.15,14.15,0
2015/11/3,14.33,14.73,13.81,14.54,14.54,0
2015/11/4,14.04,15.88,13.96,15.51,15.51,0
2015/11/5,15.39,16.389999,15,15.05,15.05,0
2015/11/6,14.91,16,14.32,14.33,14.33,0
2015/11/9,15.34,17.09,15.14,16.52,16.52,0
2015/11/10,16.690001,16.959999,15.24,15.29,15.29,0
2015/11/11,15.07,16.15,15.02,16.059999,16.059999,0
2015/11/12,17.059999,18.5,16.65,18.370001,18.370001,0
2015/11/13,18.68,20.67,18.200001,20.08,20.08,0
2015/11/16,20.51,20.549999,17.25,18.16,18.16,0
2015/11/17,17.82,19.59,16.860001,18.84,18.84,0
2015/11/18,19.01,19.450001,16.799999,16.85,16.85,0
2015/11/19,16.25,18.26,16,16.99,16.99,0
2015/11/20,16.129999,16.379999,15.47,15.47,15.47,0
2015/11/23,16.15,16.74,15.38,15.62,15.62,0
2015/11/24,16.530001,17.209999,15.48,15.93,15.93,0
2015/11/25,15.55,15.89,15.05,15.19,15.19,0
2015/11/27,15.31,16.09,15.12,15.12,15.12,0
2015/11/30,15.55,16.57,15.52,16.129999,16.129999,0
2015/12/1,15.61,16.34,14.63,14.67,14.67,0
2015/12/2,15.04,16.49,14.71,15.91,15.91,0
2015/12/3,15.87,19.35,15.86,18.110001,18.110001,0
2015/12/4,17.43,17.65,14.69,14.81,14.81,0
2015/12/7,15.65,17.18,15.58,15.84,15.84,0
2015/12/8,17.690001,18.33,16.52,17.6,17.6,0
2015/12/9,18.049999,20.129999,15.72,19.610001,19.610001,0
2015/12/10,19.25,19.719999,18.129999,19.34,19.34,0
2015/12/11,21.360001,25.27,20.879999,24.389999,24.389999,0
2015/12/14,24.700001,26.809999,21.469999,22.73,22.73,0
2015/12/15,20.76,21.620001,20.02,20.950001,20.950001,0
2015/12/16,19.25,20.24,17.120001,17.860001,17.860001,0
2015/12/17,16.18,19.049999,16.129999,18.940001,18.940001,0
2015/12/18,19.34,23.299999,18.75,20.700001,20.700001,0
2015/12/21,19.639999,20.209999,18.700001,18.700001,18.700001,0
2015/12/22,17.610001,18.219999,16.6,16.6,16.6,0
2015/12/23,15.86,16.25,15.33,15.57,15.57,0
2015/12/24,15.44,15.88,14.45,15.74,15.74,0
2015/12/28,17.65,18.129999,16.879999,16.91,16.91,0
2015/12/29,15.91,16.48,15.63,16.08,16.08,0
2015/12/30,16.5,17.42,16.5,17.290001,17.290001,0
2015/12/31,17.969999,20.389999,17.51,18.209999,18.209999,0
2016/1/4,22.48,23.360001,20.67,20.700001,20.700001,0
2016/1/5,20.75,21.059999,19.25,19.34,19.34,0
2016/1/6,21.67,21.860001,19.799999,20.59,20.59,0
2016/1/7,23.219999,25.860001,22.4,24.99,24.99,0
2016/1/8,22.959999,27.08,22.48,27.01,27.01,0
2016/1/11,25.58,27.389999,23.83,24.299999,24.299999,0
2016/1/12,22.969999,23.93,21.91,22.469999,22.469999,0
2016/1/13,21.719999,26.110001,21.440001,25.219999,25.219999,0
2016/1/14,24.75,26.280001,23.07,23.950001,23.950001,0
2016/1/15,28.959999,30.950001,26.67,27.02,27.02,0
2016/1/19,25.4,27.59,25.209999,26.049999,26.049999,0
2016/1/20,27.780001,32.09,26.59,27.59,27.59,0
2016/1/21,27.790001,28.43,25.01,26.690001,26.690001,0
2016/1/22,24.209999,24.549999,22.219999,22.34,22.34,0
2016/1/25,23.299999,24.309999,22.379999,24.15,24.15,0
2016/1/26,23.75,24.02,22.33,22.5,22.5,0
2016/1/27,22.879999,27.219999,20.42,23.110001,23.110001,0
2016/1/28,22.15,23.809999,21.9,22.42,22.42,0
2016/1/29,21.59,21.74,19.5,20.200001,20.200001,0
2016/2/1,21.32,23.66,19.610001,19.98,19.98,0
2016/2/2,21.34,22.42,21.059999,21.98,21.98,0
2016/2/3,21.49,27.700001,21.42,21.65,21.65,0
2016/2/4,22.290001,23.139999,21.24,21.84,21.84,0
2016/2/5,22.09,24.110001,21.91,23.379999,23.379999,0
2016/2/8,25.889999,27.719999,25.559999,26,26,0
2016/2/9,28.299999,28.309999,25.99,26.540001,26.540001,0
2016/2/10,25.75,26.6,24.469999,26.290001,26.290001,0
2016/2/11,29.01,30.9,26.67,28.139999,28.139999,0
2016/2/12,27.16,27.57,24.92,25.4,25.4,0
2016/2/16,24.959999,25.52,23.32,24.110001,24.110001,0
2016/2/17,23.4,24.16,21.83,22.309999,22.309999,0
2016/2/18,22.16,22.530001,21.290001,21.639999,21.639999,0
2016/2/19,22.389999,23.440001,20.52,20.530001,20.530001,0
2016/2/22,20.139999,20.35,19.02,19.379999,19.379999,0
2016/2/23,19.75,21.16,19.540001,20.98,20.98,0
2016/2/24,22.280001,22.870001,20.26,20.719999,20.719999,0
2016/2/25,20.540001,21.26,19.1,19.110001,19.110001,0
2016/2/26,18.889999,20.129999,18.459999,19.809999,19.809999,0
2016/2/29,20.49,20.809999,18.379999,20.549999,20.549999,0
2016/3/1,19.84,20.17,17.66,17.700001,17.700001,0
2016/3/2,17.98,18.41,16.780001,17.09,17.09,0
2016/3/3,17.25,17.559999,16.32,16.700001,16.700001,0
2016/3/4,16.48,17.35,16.049999,16.860001,16.860001,0
2016/3/7,17.98,18.040001,16.870001,17.35,17.35,0
2016/3/8,18.379999,18.889999,17.82,18.67,18.67,0
2016/3/9,18.559999,19.110001,18.309999,18.34,18.34,0
2016/3/10,18.17,19.59,17.059999,18.049999,18.049999,0
2016/3/11,17.09,17.27,16.280001,16.5,16.5,0
2016/3/14,17.01,17.67,16.690001,16.92,16.92,0
2016/3/15,17.6,17.85,16.84,16.84,16.84,0
2016/3/16,15.96,16.33,14.89,14.99,14.99,0
2016/3/17,15.34,15.38,13.82,14.44,14.44,0
2016/3/18,14.05,14.36,13.75,14.02,14.02,0
2016/3/21,14.57,14.73,13.79,13.79,13.79,0
2016/3/22,14.57,14.76,13.75,14.17,14.17,0
2016/3/23,14.57,15.03,14.33,14.94,14.94,0
2016/3/24,16.299999,16.440001,14.71,14.74,14.74,0
2016/3/28,15.65,16.040001,14.89,15.24,15.24,0
2016/3/29,15.74,15.89,13.79,13.82,13.82,0
2016/3/30,13.69,13.89,13.06,13.56,13.56,0
2016/3/31,13.73,14.28,13.49,13.95,13.95,0
2016/4/1,15.23,15.28,13,13.1,13.1,0
2016/4/4,13.88,14.24,13.66,14.12,14.12,0
2016/4/5,15.39,15.72,14.93,15.42,15.42,0
2016/4/6,15.61,15.98,14,14.09,14.09,0
2016/4/7,15.14,16.77,14.68,16.16,16.16,0
2016/4/8,15.34,15.93,14.84,15.36,15.36,0
2016/4/11,15.34,16.26,14.83,16.26,16.26,0
2016/4/12,15.98,16.57,14.84,14.85,14.85,0
2016/4/13,14.49,14.53,13.6,13.84,13.84,0
2016/4/14,13.9,14.12,13.38,13.72,13.72,0
2016/4/15,13.77,14.19,13.58,13.62,13.62,0
2016/4/18,14.87,14.94,13.23,13.35,13.35,0
2016/4/19,13.18,13.88,12.98,13.24,13.24,0
2016/4/20,13.39,13.5,12.5,13.28,13.28,0
2016/4/21,13.2,14.14,13.16,13.95,13.95,0
2016/4/22,13.7,14.19,13.15,13.22,13.22,0
2016/4/25,14.07,14.76,13.86,14.08,14.08,0
2016/4/26,14.01,14.43,13.66,13.96,13.96,0
2016/4/27,14.15,14.95,13.5,13.77,13.77,0
2016/4/28,14.53,15.61,13.3,15.22,15.22,0
2016/4/29,15.21,17.09,14.91,15.7,15.7,0
2016/5/2,16.33,16.5,14.48,14.68,14.68,0
2016/5/3,14.92,16.42,14.91,15.6,15.6,0
2016/5/4,15.47,16.85,15.39,16.049999,16.049999,0
2016/5/5,15.54,16.450001,15.22,15.91,15.91,0
2016/5/6,16.200001,16.58,14.71,14.72,14.72,0
2016/5/9,15.2,15.39,14.17,14.57,14.57,0
2016/5/10,13.98,14.35,13.55,13.63,13.63,0
2016/5/11,13.92,14.69,13.29,14.69,14.69,0
2016/5/12,14.55,15.42,13.95,14.41,14.41,0
2016/5/13,15.15,15.47,13.97,15.04,15.04,0
2016/5/16,15.72,15.98,14.28,14.68,14.68,0
2016/5/17,14.57,16.120001,14.48,15.57,15.57,0
2016/5/18,15.72,16.469999,14.86,15.95,15.95,0
2016/5/19,16.370001,17.65,16.280001,16.33,16.33,0
2016/5/20,16.129999,16.299999,15.11,15.2,15.2,0
2016/5/23,16.33,16.469999,15.4,15.82,15.82,0
2016/5/24,16.030001,16.059999,14.36,14.42,14.42,0
2016/5/25,14.19,14.33,13.64,13.9,13.9,0
2016/5/26,13.8,14.11,13.43,13.43,13.43,0
2016/5/27,13.49,13.76,13.04,13.12,13.12,0
2016/5/31,13.94,15,13.45,14.19,14.19,0
2016/6/1,14.45,15.25,14.18,14.2,14.2,0
2016/6/2,14.42,14.92,13.62,13.63,13.63,0
2016/6/3,13.78,14.66,12.9,13.47,13.47,0
2016/6/6,13.84,14.27,13.42,13.65,13.65,0
2016/6/7,12.77,14.05,12.72,14.05,14.05,0
2016/6/8,13.84,14.27,13.7,14.08,14.08,0
2016/6/9,14.01,14.85,13.99,14.64,14.64,0
2016/6/10,14.89,17.33,14.85,17.030001,17.030001,0
2016/6/13,18.24,21.01,17.889999,20.969999,20.969999,0
2016/6/14,21.280001,22.16,20.27,20.5,20.5,0
2016/6/15,20.25,20.450001,18.629999,20.139999,20.139999,0
2016/6/16,20.799999,22.889999,19.24,19.370001,19.370001,0
2016/6/17,19.42,20.030001,18.709999,19.41,19.41,0
2016/6/20,17.42,18.549999,16.59,18.370001,18.370001,0
2016/6/21,17.67,18.959999,16.91,18.48,18.48,0
2016/6/22,18.26,21.219999,17.83,21.17,21.17,0
2016/6/23,19.540001,19.790001,17.25,17.25,17.25,0
2016/6/24,26.059999,26.24,19.48,25.76,25.76,0
2016/6/27,24.379999,26.719999,22.93,23.85,23.85,0
2016/6/28,21.76,22.07,18.75,18.75,18.75,0
2016/6/29,18.120001,18.27,16.48,16.639999,16.639999,0
2016/6/30,16.91,16.99,15.29,15.63,15.63,0
2016/7/1,15.59,15.86,14.61,14.77,14.77,0
2016/7/5,16.049999,16.620001,15.49,15.58,15.58,0
2016/7/6,15.87,17.040001,14.96,14.96,14.96,0
2016/7/7,14.8,15.98,14.33,14.76,14.76,0
2016/7/8,14.64,14.75,13.19,13.2,13.2,0
2016/7/11,13.25,13.67,13,13.54,13.54,0
2016/7/12,12.93,13.93,12.75,13.55,13.55,0
2016/7/13,13.32,13.79,12.92,13.04,13.04,0
2016/7/14,12.5,13.37,12.14,12.82,12.82,0
2016/7/15,13.12,13.22,12.27,12.67,12.67,0
2016/7/18,12.75,13.12,12.33,12.44,12.44,0
2016/7/19,12.53,12.83,11.94,11.97,11.97,0
2016/7/20,11.94,11.97,11.4,11.77,11.77,0
2016/7/21,11.8,13.06,11.69,12.74,12.74,0
2016/7/22,12.8,12.88,11.97,12.02,12.02,0
2016/7/25,12.64,13.72,12.39,12.87,12.87,0
2016/7/26,12.88,13.5,12.8,13.05,13.05,0
2016/7/27,12.61,13.74,12.5,12.83,12.83,0
2016/7/28,12.51,13.52,12.36,12.72,12.72,0
2016/7/29,12.85,12.9,11.77,11.87,11.87,0
2016/8/1,11.89,12.98,11.86,12.44,12.44,0
2016/8/2,12.39,14.24,12.35,13.37,13.37,0
2016/8/3,13.53,13.91,12.73,12.86,12.86,0
2016/8/4,12.73,12.98,11.79,12.42,12.42,0
2016/8/5,12.08,12.26,11.18,11.39,11.39,0
2016/8/8,11.66,11.78,11.41,11.5,11.5,0
2016/8/9,11.4,11.92,11.02,11.66,11.66,0
2016/8/10,11.55,12.5,11.37,12.05,12.05,0
2016/8/11,11.93,12.11,11.38,11.68,11.68,0
2016/8/12,11.61,12,11.28,11.55,11.55,0
2016/8/15,11.81,12.17,11.58,11.81,11.81,0
2016/8/16,12.04,12.78,11.87,12.64,12.64,0
2016/8/17,12.57,13.71,12.14,12.19,12.19,0
2016/8/18,12.2,12.53,11.42,11.43,11.43,0
2016/8/19,11.67,12.28,11.33,11.34,11.34,0
2016/8/22,12.53,13.02,11.94,12.27,12.27,0
2016/8/23,12.15,12.44,11.72,12.38,12.38,0
2016/8/24,12.7,14.01,12.3,13.45,13.45,0
2016/8/25,13.62,14.09,13.29,13.63,13.63,0
2016/8/26,13.54,14.93,12.13,13.65,13.65,0
2016/8/29,14.09,14.43,12.9,12.94,12.94,0
2016/8/30,12.94,13.6,12.7,13.12,13.12,0
2016/8/31,13.14,14.34,12.97,13.42,13.42,0
2016/9/1,13.07,14.61,12.99,13.48,13.48,0
2016/9/2,13.47,13.9,11.9,11.98,11.98,0
2016/9/6,12.42,12.93,11.85,12.02,12.02,0
2016/9/7,11.89,12.45,11.77,11.94,11.94,0
2016/9/8,11.74,12.6,11.65,12.51,12.51,0
2016/9/9,12.52,17.540001,12.52,17.5,17.5,0
2016/9/12,20.129999,20.51,14.76,15.16,15.16,0
2016/9/13,15.98,18.969999,15.83,17.85,17.85,0
2016/9/14,17.629999,18.139999,16.34,18.139999,18.139999,0
2016/9/15,17.969999,18.07,15.74,16.299999,16.299999,0
2016/9/16,16.41,17.1,15.28,15.37,15.37,0
2016/9/19,15.14,15.96,14.6,15.53,15.53,0
2016/9/20,14.98,16.09,14.69,15.92,15.92,0
2016/9/21,15.07,15.65,12.98,13.3,13.3,0
2016/9/22,13.39,13.39,11.76,12.02,12.02,0
2016/9/23,12,12.58,11.93,12.29,12.29,0
2016/9/26,13.26,14.63,13.26,14.5,14.5,0
2016/9/27,13.36,14.76,12.97,13.1,13.1,0
2016/9/28,12.9,13.57,12.24,12.39,12.39,0
2016/9/29,12.53,15.69,12.14,14.02,14.02,0
2016/9/30,14.91,15.2,12.53,13.29,13.29,0
2016/10/3,13.75,14.42,13.42,13.57,13.57,0
2016/10/4,13.4,14.57,12.92,13.63,13.63,0
2016/10/5,13.56,13.68,12.7,12.99,12.99,0
2016/10/6,13.11,13.84,12.8,12.84,12.84,0
2016/10/7,13.52,14.15,12.21,13.48,13.48,0
2016/10/10,14.19,14.36,13.29,13.38,13.38,0
2016/10/11,13.71,16.469999,13.69,15.36,15.36,0
2016/10/12,15.53,16.34,15.26,15.91,15.91,0
2016/10/13,16.879999,17.950001,16.139999,16.690001,16.690001,0
2016/10/14,16.49,16.5,15.25,16.120001,16.120001,0
2016/10/17,17.01,17.110001,16.129999,16.209999,16.209999,0
2016/10/18,15.82,15.85,15.03,15.28,15.28,0
2016/10/19,15.45,15.68,13.87,14.41,14.41,0
2016/10/20,14.43,14.72,13.74,13.75,13.75,0
2016/10/21,14.04,14.53,13.27,13.34,13.34,0
2016/10/24,13.19,13.26,12.83,13.02,13.02,0
2016/10/25,12.91,13.86,12.73,13.46,13.46,0
2016/10/26,13.66,14.8,13.66,14.24,14.24,0
2016/10/27,14.37,15.43,13.6,15.36,15.36,0
2016/10/28,15.67,17.35,14.65,16.190001,16.190001,0
2016/10/31,16.309999,17.629999,16.25,17.059999,17.059999,0
2016/11/1,16.540001,20.43,16.51,18.559999,18.559999,0
2016/11/2,19.09,19.82,18.559999,19.32,19.32,0
2016/11/3,19.85,22.57,18.84,22.08,22.08,0
2016/11/4,21.860001,23.01,19.200001,22.51,22.51,0
2016/11/7,19.780001,19.860001,18.389999,18.709999,18.709999,0
2016/11/8,18.92,19.91,17.700001,18.74,18.74,0
2016/11/9,20.700001,21.48,14.33,14.38,14.38,0
2016/11/10,14.01,16.299999,13.26,14.74,14.74,0
2016/11/11,14.83,16,14.15,14.17,14.17,0
2016/11/14,14.69,15.56,14.39,14.48,14.48,0
2016/11/15,14.16,14.65,13.3,13.37,13.37,0
2016/11/16,13.51,14.49,13.51,13.72,13.72,0
2016/11/17,13.37,13.55,12.97,13.35,13.35,0
2016/11/18,13.56,13.74,12.85,12.85,12.85,0
2016/11/21,13.27,13.44,12.16,12.42,12.42,0
2016/11/22,12.26,12.83,12.2,12.41,12.41,0
2016/11/23,12.34,13.01,12.19,12.43,12.43,0
2016/11/25,12.52,12.74,12.31,12.34,12.34,0
2016/11/28,13.4,13.5,12.74,13.15,13.15,0
2016/11/29,13.07,13.55,12.62,12.9,12.9,0
2016/11/30,12.6,13.42,12.23,13.33,13.33,0
2016/12/1,13.4,14.72,13.05,14.07,14.07,0
2016/12/2,14.16,14.48,12.39,14.12,14.12,0
2016/12/5,13.75,13.77,12.14,12.14,12.14,0
2016/12/6,12.19,12.3,11.54,11.79,11.79,0
2016/12/7,11.59,12.24,11.33,12.22,12.22,0
2016/12/8,12.1,13.4,11.3,12.64,12.64,0
2016/12/9,12.59,12.72,11.67,11.75,11.75,0
2016/12/12,12.23,12.78,12.07,12.64,12.64,0
2016/12/13,12.46,13.42,12.34,12.72,12.72,0
2016/12/14,12.88,13.39,12.48,13.19,13.19,0
2016/12/15,13.07,13.24,12.46,12.79,12.79,0
2016/12/16,12.88,12.95,12.15,12.2,12.2,0
2016/12/19,12.5,12.52,11.67,11.71,11.71,0
2016/12/20,11.65,11.75,11.38,11.45,11.45,0
2016/12/21,11.44,11.49,10.93,11.27,11.27,0
2016/12/22,11.32,11.67,11.14,11.43,11.43,0
2016/12/23,11.38,11.81,11.35,11.44,11.44,0
2016/12/27,12.26,12.33,11.84,11.99,11.99,0
2016/12/28,11.89,13.04,11.85,12.95,12.95,0
2016/12/29,13.15,13.71,12.95,13.37,13.37,0
2016/12/30,13.2,14.68,13.05,14.04,14.04,0
2017/1/3,14.07,14.07,12.85,12.85,12.85,0
2017/1/4,12.78,12.8,11.63,11.85,11.85,0
2017/1/5,11.96,12.09,11.4,11.67,11.67,0
2017/1/6,11.7,11.74,10.98,11.32,11.32,0
2017/1/9,11.71,12.08,11.46,11.56,11.56,0
2017/1/10,11.59,11.79,11.31,11.49,11.49,0
2017/1/11,11.56,12.23,11.21,11.26,11.26,0
2017/1/12,11.48,12.6,11.32,11.54,11.54,0
2017/1/13,11.45,11.62,10.94,11.23,11.23,0
2017/1/17,12.2,12.75,11.79,11.87,11.87,0
2017/1/18,11.79,12.81,11.69,12.48,12.48,0
2017/1/19,12.58,13.28,12.17,12.78,12.78,0
2017/1/20,12.58,12.59,11.53,11.54,11.54,0
2017/1/23,12.3,12.62,11.59,11.77,11.77,0
2017/1/24,11.82,11.89,11.04,11.07,11.07,0
2017/1/25,10.79,11.05,10.51,10.81,10.81,0
2017/1/26,10.61,11.01,10.6,10.63,10.63,0
2017/1/27,10.57,10.82,10.3,10.58,10.58,0
2017/1/30,11.1,12.9,11.1,11.88,11.88,0
2017/1/31,12.29,12.99,11.79,11.99,11.99,0
2017/2/1,11.79,12.05,9.97,11.81,11.81,0
2017/2/2,12.37,12.47,11.62,11.93,11.93,0
2017/2/3,11.84,11.84,10.72,10.97,10.97,0
2017/2/6,11.37,11.84,11.09,11.37,11.37,0
2017/2/7,11.39,11.67,11.06,11.29,11.29,0
2017/2/8,11.19,11.82,11.15,11.45,11.45,0
2017/2/9,11.44,11.53,10.74,10.88,10.88,0
2017/2/10,10.85,10.95,10.55,10.85,10.85,0
2017/2/13,11.36,11.4,11.07,11.07,11.07,0
2017/2/14,11.17,11.34,10.73,10.74,10.74,0
2017/2/15,10.84,12.01,10.8,11.97,11.97,0
2017/2/16,12.02,12.86,11.69,11.76,11.76,0
2017/2/17,11.84,12.26,11.37,11.49,11.49,0
2017/2/21,12.05,12.09,11.5,11.57,11.57,0
2017/2/22,11.48,12.07,11.44,11.74,11.74,0
2017/2/23,11.66,12.46,11.54,11.71,11.71,0
2017/2/24,11.81,12.59,11.34,11.47,11.47,0
2017/2/27,11.78,12.14,11.53,12.09,12.09,0
2017/2/28,12.19,12.96,12.13,12.92,12.92,0
2017/3/1,12.31,12.58,11.78,12.54,12.54,0
2017/3/2,12.43,12.71,11.32,11.81,11.81,0
2017/3/3,11.96,11.97,10.94,10.96,10.96,0
2017/3/6,11.59,11.72,11.06,11.24,11.24,0
2017/3/7,11.27,11.58,11.04,11.45,11.45,0
2017/3/8,11.49,11.86,11.09,11.86,11.86,0
2017/3/9,11.75,12.43,11.62,12.3,12.3,0
2017/3/10,11.97,12.09,11.46,11.66,11.66,0
2017/3/13,12.16,12.23,11.29,11.35,11.35,0
2017/3/14,11.39,12.54,11.28,12.3,12.3,0
2017/3/15,12.12,12.25,10.6,11.63,11.63,0
2017/3/16,11.29,11.55,11.16,11.21,11.21,0
2017/3/17,11.38,11.38,10.78,11.28,11.28,0
2017/3/20,11.71,11.72,11.03,11.34,11.34,0
2017/3/21,11.15,12.85,10.92,12.47,12.47,0
2017/3/22,12.95,13.16,11.99,12.81,12.81,0
2017/3/23,12.65,13.17,12.18,13.12,13.12,0
2017/3/24,12.86,14.16,12.27,12.96,12.96,0
2017/3/27,14.78,15.11,12.48,12.5,12.5,0
2017/3/28,12.44,12.67,11.34,11.53,11.53,0
2017/3/29,11.54,11.7,11.03,11.42,11.42,0
2017/3/30,11.37,11.64,11.12,11.54,11.54,0
2017/3/31,11.61,12.54,11.5,12.37,12.37,0
2017/4/3,12.59,13.59,12.27,12.38,12.38,0
2017/4/4,12.71,13.07,11.7,11.79,11.79,0
2017/4/5,11.89,12.89,10.9,12.89,12.89,0
2017/4/6,13.11,13.22,11.7,12.39,12.39,0
2017/4/7,13.17,13.43,12.23,12.87,12.87,0
2017/4/10,13.24,14.11,12.94,14.05,14.05,0
2017/4/11,14.32,15.88,14.17,15.07,15.07,0
2017/4/12,15.16,16.16,14.84,15.77,15.77,0
2017/4/13,15.89,16.219999,14.97,15.96,15.96,0
2017/4/17,16.190001,16.280001,14.6,14.66,14.66,0
2017/4/18,14.5,15.5,14.29,14.42,14.42,0
2017/4/19,14,15.15,13.46,14.93,14.93,0
2017/4/20,14.59,14.81,13.83,14.15,14.15,0
2017/4/21,13.85,15.33,13.85,14.63,14.63,0
2017/4/24,11.56,12.01,10.82,10.84,10.84,0
2017/4/25,10.81,11.15,10.22,10.76,10.76,0
2017/4/26,10.61,10.89,10.39,10.85,10.85,0
2017/4/27,10.72,11.08,10.33,10.36,10.36,0
2017/4/28,10.39,11.16,10.29,10.82,10.82,0
2017/5/1,10.92,11.04,9.9,10.11,10.11,0
2017/5/2,10.15,10.59,10.04,10.59,10.59,0
2017/5/3,10.56,11.15,10.4,10.68,10.68,0
2017/5/4,10.71,11.24,10.27,10.46,10.46,0
2017/5/5,10.51,10.98,9.99,10.57,10.57,0
2017/5/8,10.53,10.55,9.67,9.77,9.77,0
2017/5/9,9.87,10.14,9.56,9.96,9.96,0
2017/5/10,9.75,10.24,9.62,10.21,10.21,0
2017/5/11,10.34,11.23,10.32,10.6,10.6,0
2017/5/12,10.72,10.87,10.28,10.4,10.4,0
2017/5/15,10.54,10.88,10.25,10.42,10.42,0
2017/5/16,10.46,10.67,10.18,10.65,10.65,0
2017/5/17,11.89,15.59,11.53,15.59,15.59,0
2017/5/18,14.06,16.299999,14.03,14.66,14.66,0
2017/5/19,14.23,14.23,11.72,12.04,12.04,0
2017/5/22,12.29,12.52,10.89,10.93,10.93,0
2017/5/23,11,11,10.56,10.72,10.72,0
2017/5/24,10.61,10.9,9.88,10.02,10.02,0
2017/5/25,9.82,10.29,9.72,9.99,9.99,0
2017/5/26,9.93,10.48,9.65,9.81,9.81,0
2017/5/30,10.61,10.84,10.14,10.38,10.38,0
2017/5/31,10.1,11.3,9.93,10.41,10.41,0
2017/6/1,10.42,10.54,9.69,9.89,9.89,0
2017/6/2,10.08,10.3,9.58,9.75,9.75,0
2017/6/5,10.08,10.28,9.6,10.07,10.07,0
2017/6/6,10.19,10.77,9.86,10.45,10.45,0
2017/6/7,10.48,10.93,10.12,10.39,10.39,0
2017/6/8,10.27,10.53,9.73,10.16,10.16,0
2017/6/9,9.93,12.11,9.37,10.7,10.7,0
2017/6/12,11.19,12.37,11.19,11.46,11.46,0
2017/6/13,11.12,11.14,10.26,10.42,10.42,0
2017/6/14,10.33,11.26,10.01,10.64,10.64,0
2017/6/15,11.06,12.01,10.74,10.9,10.9,0
2017/6/16,10.63,11.35,10.26,10.38,10.38,0
2017/6/19,10.57,10.6,10.01,10.37,10.37,0
2017/6/20,10.28,11.15,10.24,10.86,10.86,0
2017/6/21,11.03,11.4,10.4,10.75,10.75,0
2017/6/22,10.81,11.01,10.24,10.48,10.48,0
2017/6/23,10.25,10.69,9.85,10.02,10.02,0
2017/6/26,10.13,10.44,9.68,9.9,9.9,0
2017/6/27,10.04,11.31,9.8,11.06,11.06,0
2017/6/28,11.17,11.49,9.76,10.03,10.03,0
2017/6/29,9.79,15.16,9.73,11.44,11.44,0
2017/6/30,11.74,11.85,10.4,11.18,11.18,0
2017/7/3,11.07,11.45,10.28,11.22,11.22,0
2017/7/5,11.2,12.03,10.79,11.07,11.07,0
2017/7/6,11.2,13.05,11.18,12.54,12.54,0
2017/7/7,12.48,12.57,10.98,11.19,11.19,0
2017/7/10,11.26,11.73,10.61,11.11,11.11,0
2017/7/11,10.79,12.14,10.68,10.89,10.89,0
2017/7/12,10.85,10.85,10.08,10.3,10.3,0
2017/7/13,10.07,10.4,9.9,9.9,9.9,0
2017/7/14,10.09,10.14,9.5,9.51,9.51,0
2017/7/17,9.77,10.03,9.71,9.82,9.82,0
2017/7/18,9.86,10.35,9.66,9.89,9.89,0
2017/7/19,9.69,9.94,9.58,9.79,9.79,0
2017/7/20,9.66,10.28,9.5,9.58,9.58,0
2017/7/21,9.52,9.98,9.3,9.36,9.36,0
2017/7/24,9.94,9.97,9.26,9.43,9.43,0
2017/7/25,9.4,9.52,9.04,9.43,9.43,0
2017/7/26,9.25,9.66,8.84,9.6,9.6,0
2017/7/27,9.33,11.5,9.16,10.11,10.11,0
2017/7/28,10.62,11.3,10.26,10.29,10.29,0
2017/7/31,10.53,10.84,10.23,10.26,10.26,0
2017/8/1,10.19,10.56,9.95,10.09,10.09,0
2017/8/2,10.08,10.81,9.8,10.28,10.28,0
2017/8/3,10.47,10.6,9.9,10.44,10.44,0
2017/8/4,10.48,10.5,9.68,10.03,10.03,0
2017/8/7,10.19,10.32,9.76,9.93,9.93,0
2017/8/8,10.04,11.52,9.52,10.96,10.96,0
2017/8/9,11.49,12.63,11.11,11.11,11.11,0
2017/8/10,11.57,16.17,11.56,16.040001,16.040001,0
2017/8/11,16.17,17.280001,14.5,15.51,15.51,0
2017/8/14,14.05,14.05,12.06,12.33,12.33,0
2017/8/15,11.78,12.37,11.45,12.04,12.04,0
2017/8/16,11.59,12.54,11.25,11.74,11.74,0
2017/8/17,11.81,15.77,11.54,15.55,15.55,0
2017/8/18,15.38,16.040001,13.32,14.26,14.26,0
2017/8/21,14.59,14.74,13.07,13.19,13.19,0
2017/8/22,12.6,12.94,11.35,11.35,11.35,0
2017/8/23,11.51,12.59,11.39,12.25,12.25,0
2017/8/24,12.06,12.83,11.55,12.23,12.23,0
2017/8/25,12.2,12.45,11.1,11.28,11.28,0
2017/8/28,12.09,12.11,11.23,11.32,11.32,0
2017/8/29,13.33,14.34,11.48,11.7,11.7,0
2017/8/30,11.4,11.98,10.96,11.22,11.22,0
2017/8/31,11.07,11.22,10.34,10.59,10.59,0
2017/9/1,10.33,10.46,10.02,10.13,10.13,0
2017/9/5,11.75,14.06,11.41,12.23,12.23,0
2017/9/6,12.27,12.59,11.35,11.63,11.63,0
2017/9/7,11.93,12.07,11.32,11.55,11.55,0
2017/9/8,11.87,12.6,11.84,12.12,12.12,0
2017/9/11,11.38,11.39,10.51,10.73,10.73,0
2017/9/12,10.66,10.95,10.29,10.58,10.58,0
2017/9/13,10.72,10.86,10.33,10.5,10.5,0
2017/9/14,10.57,11.04,10.28,10.44,10.44,0
2017/9/15,10.51,10.74,10,10.17,10.17,0
2017/9/18,10.18,10.42,9.88,10.15,10.15,0
2017/9/19,10.16,10.3,9.85,10.18,10.18,0
2017/9/20,10.04,10.67,9.67,9.78,9.78,0
2017/9/21,9.74,10.21,9.54,9.67,9.67,0
2017/9/22,9.9,10.2,9.5,9.59,9.59,0
2017/9/25,10.08,11.21,9.79,10.21,10.21,0
2017/9/26,10.42,10.68,9.94,10.17,10.17,0
2017/9/27,9.9,10.42,9.63,9.87,9.87,0
2017/9/28,9.74,10.13,9.55,9.55,9.55,0
2017/9/29,9.59,9.83,9.36,9.51,9.51,0
2017/10/2,9.59,10.04,9.37,9.45,9.45,0
2017/10/3,9.3,9.75,9.3,9.51,9.51,0
2017/10/4,9.53,9.88,9.53,9.63,9.63,0
2017/10/5,9.48,9.62,9.13,9.19,9.19,0
2017/10/6,9.23,10.27,9.11,9.65,9.65,0
2017/10/9,9.92,10.53,9.88,10.33,10.33,0
2017/10/10,10.15,10.66,9.94,10.08,10.08,0
2017/10/11,9.95,10.38,9.72,9.85,9.85,0
2017/10/12,9.94,10.33,9.65,9.91,9.91,0
2017/10/13,9.95,9.98,9.44,9.61,9.61,0
2017/10/16,9.95,10.02,9.75,9.91,9.91,0
2017/10/17,9.85,10.46,9.78,10.31,10.31,0
2017/10/18,10.34,10.41,9.87,10.07,10.07,0
2017/10/19,10.22,11.77,9.99,10.05,10.05,0
2017/10/20,9.92,10.04,9.29,9.97,9.97,0
2017/10/23,10.25,11.08,9.94,11.07,11.07,0
2017/10/24,10.89,11.16,10.39,11.16,11.16,0
2017/10/25,11.34,13.2,10.99,11.23,11.23,0
2017/10/26,11.17,11.81,10.6,11.3,11.3,0
2017/10/27,11.12,11.12,9.74,9.8,9.8,0
2017/10/30,10.28,10.89,10.1,10.5,10.5,0
2017/10/31,10.34,10.37,9.9,10.18,10.18,0
2017/11/1,9.79,10.49,9.74,10.2,10.2,0
2017/11/2,10.44,10.89,9.67,9.93,9.93,0
2017/11/3,9.83,9.91,8.99,9.14,9.14,0
2017/11/6,9.63,9.74,9.38,9.4,9.4,0
2017/11/7,9.31,10.31,9.29,9.89,9.89,0
2017/11/8,9.79,10.27,9.5,9.78,9.78,0
2017/11/9,9.94,12.19,9.79,10.5,10.5,0
2017/11/10,10.78,11.58,10.5,11.29,11.29,0
2017/11/13,11.43,12.18,11,11.5,11.5,0
2017/11/14,11.53,12.61,11.45,11.59,11.59,0
2017/11/15,12.52,14.51,12.33,13.13,13.13,0
2017/11/16,12.47,12.52,11.38,11.76,11.76,0
2017/11/17,11.75,12.01,11.16,11.43,11.43,0
2017/11/20,11.96,12.08,10.44,10.65,10.65,0
2017/11/21,10.74,10.78,9.67,9.73,9.73,0
2017/11/22,9.6,9.88,9.32,9.88,9.88,0
2017/11/24,9.82,9.96,8.56,9.67,9.67,0
2017/11/27,10.07,10.26,9.79,9.87,9.87,0
2017/11/28,9.72,10.31,9.53,10.03,10.03,0
2017/11/29,9.91,10.93,9.81,10.7,10.7,0
2017/11/30,10.49,12.05,10.25,11.28,11.28,0
2017/12/1,11.19,14.58,10.54,11.43,11.43,0
2017/12/4,11.05,11.86,10.26,11.68,11.68,0
2017/12/5,11.38,11.67,10.65,11.33,11.33,0
2017/12/6,11.63,11.68,10.86,11.02,11.02,0
2017/12/7,10.9,11.32,10.12,10.16,10.16,0
2017/12/8,10,10.06,9.43,9.58,9.58,0
2017/12/11,9.74,10.08,9.28,9.34,9.34,0
2017/12/12,9.36,9.92,9.21,9.92,9.92,0
2017/12/13,9.78,10.21,9.65,10.18,10.18,0
2017/12/14,9.98,10.54,9.78,10.49,10.49,0
2017/12/15,10.12,10.2,9.22,9.42,9.42,0
2017/12/18,9.46,9.89,9.24,9.53,9.53,0
2017/12/19,9.4,10.15,9.18,10.03,10.03,0
2017/12/20,9.69,9.85,8.9,9.72,9.72,0
2017/12/21,9.59,9.86,9.2,9.62,9.62,0
2017/12/22,9.37,10.18,9.35,9.9,9.9,0
2017/12/26,10.19,10.46,10.13,10.25,10.25,0
2017/12/27,10.04,10.79,9.71,10.47,10.47,0
2017/12/28,10.29,10.44,10.07,10.18,10.18,0
2017/12/29,10.03,11.06,9.95,11.04,11.04,0
2018/1/2,10.95,11.07,9.52,9.77,9.77,0
2018/1/3,9.56,9.65,8.94,9.15,9.15,0
2018/1/4,9.01,9.31,8.92,9.22,9.22,0
2018/1/5,9.1,9.54,9,9.22,9.22,0
2018/1/8,9.61,9.89,9.32,9.52,9.52,0
2018/1/9,9.41,10.09,9.37,10.08,10.08,0
2018/1/10,10.11,10.85,9.82,9.82,9.82,0
2018/1/11,9.69,10.02,9.62,9.88,9.88,0
2018/1/12,9.74,10.31,9.54,10.16,10.16,0
2018/1/16,10.42,12.41,10.4,11.66,11.66,0
2018/1/17,11.35,12.81,11.18,11.91,11.91,0
2018/1/18,12.01,12.4,11.62,12.22,12.22,0
2018/1/19,12.3,12.33,11.18,11.27,11.27,0
2018/1/22,11.59,11.62,10.84,11.03,11.03,0
2018/1/23,10.77,11.57,10.76,11.1,11.1,0
2018/1/24,11,12.19,10.89,11.47,11.47,0
2018/1/25,11.27,12.01,11.2,11.58,11.58,0
2018/1/26,11.4,11.6,11.08,11.08,11.08,0
2018/1/29,11.71,13.84,11.68,13.84,13.84,0
2018/1/30,13.93,15.42,13.88,14.79,14.79,0
2018/1/31,14.23,14.44,13.41,13.54,13.54,0
2018/2/1,13.05,14.3,12.5,13.47,13.47,0
2018/2/2,13.64,17.860001,13.64,17.309999,17.309999,0
2018/2/5,18.440001,38.799999,16.799999,37.32,37.32,0
2018/2/6,37.32,50.299999,22.42,29.98,29.98,0
2018/2/7,31.379999,31.639999,21.17,27.73,27.73,0
2018/2/8,27.290001,36.169998,24.41,33.459999,33.459999,0
2018/2/9,32.18,41.060001,27.73,29.059999,29.059999,0
2018/2/12,27.25,29.700001,24.42,25.610001,25.610001,0
2018/2/13,26.940001,27.82,24.469999,24.969999,24.969999,0
2018/2/14,23.48,25.719999,18.99,19.26,19.26,0
2018/2/15,18.389999,20.66,17.6,19.129999,19.129999,0
2018/2/16,18.74,20.99,17.440001,19.459999,19.459999,0
2018/2/20,20.530001,21.610001,19.75,20.6,20.6,0
2018/2/21,20.76,21.040001,16.969999,20.02,20.02,0
2018/2/22,20.57,20.610001,18.07,18.719999,18.719999,0
2018/2/23,17.959999,18.799999,16.469999,16.49,16.49,0
2018/2/26,16.530001,16.940001,15.8,15.8,15.8,0
2018/2/27,15.83,18.98,15.29,18.59,18.59,0
2018/2/28,18.08,20.440001,15.65,19.85,19.85,0
2018/3/1,19.959999,25.299999,19.57,22.469999,22.469999,0
2018/3/2,22.469999,26.219999,19.360001,19.59,19.59,0
2018/3/5,21.549999,21.57,17.940001,18.73,18.73,0
2018/3/6,18.25,19.639999,17.68,18.360001,18.360001,0
2018/3/7,20.110001,20.49,17.52,17.76,17.76,0
2018/3/8,17.559999,17.68,14.91,16.540001,16.540001,0
2018/3/9,16.41,16.75,13.31,14.64,14.64,0
2018/3/12,15.28,16.35,15.18,15.78,15.78,0
2018/3/13,15.7,16.98,15.03,16.35,16.35,0
2018/3/14,16.59,17.59,14.94,17.23,17.23,0
2018/3/15,16.99,17.41,15.96,16.59,16.59,0
2018/3/16,16.6,16.719999,15.23,15.8,15.8,0
2018/3/19,16.629999,21.870001,16.559999,19.02,19.02,0
2018/3/20,18.379999,19.309999,18.09,18.200001,18.200001,0
2018/3/21,17.76,18.370001,16.26,17.860001,17.860001,0
2018/3/22,18.129999,23.809999,18.120001,23.34,23.34,0
2018/3/23,24.02,26.01,21.629999,24.870001,24.870001,0
2018/3/26,23.41,24.540001,20.709999,21.030001,21.030001,0
2018/3/27,20.33,24.059999,19.84,22.5,22.5,0
2018/3/28,22.52,24.940001,21.709999,22.870001,22.870001,0
2018/3/29,22.870001,23.049999,19.6,19.969999,19.969999,0
2018/4/2,21.07,25.719999,20.440001,23.620001,23.620001,0
2018/4/3,23.030001,23.379999,20.92,21.1,21.1,0
2018/4/4,21.68,24.51,19.860001,20.059999,20.059999,0
2018/4/5,19.76,20.209999,18.57,18.940001,18.940001,0
2018/4/6,20.33,23.120001,18.6,21.49,21.49,0
2018/4/9,21.27,22.02,20.34,21.77,21.77,0
2018/4/10,20.51,21.68,20.24,20.469999,20.469999,0
2018/4/11,20.950001,21.66,19.639999,20.24,20.24,0
2018/4/12,19.83,19.92,18.16,18.49,18.49,0
2018/4/13,18.27,18.450001,17.26,17.41,17.41,0
2018/4/16,17.59,17.66,16.379999,16.559999,16.559999,0
2018/4/17,16.16,16.27,14.57,15.25,15.25,0
2018/4/18,15.3,16.9,14.95,15.6,15.6,0
2018/4/19,15.55,16.92,15.16,15.96,15.96,0
2018/4/20,16.16,17.5,15.19,16.879999,16.879999,0
2018/4/23,17.290001,17.559999,15.79,16.34,16.34,0
2018/4/24,16.16,19.66,15.37,18.02,18.02,0
2018/4/25,18.139999,19.84,17.75,17.84,17.84,0
2018/4/26,18.07,18.120001,16.24,16.24,16.24,0
2018/4/27,16.219999,16.77,15.25,15.41,15.41,0
2018/4/30,15.31,16.35,15.13,15.93,15.93,0
2018/5/1,16,16.82,15.42,15.49,15.49,0
2018/5/2,15.48,15.97,14.75,15.97,15.97,0
2018/5/3,15.78,18.66,15.43,15.9,15.9,0
2018/5/4,15.94,16.92,10.91,14.77,14.77,0
2018/5/7,15.05,15.27,14.51,14.75,14.75,0
2018/5/8,14.53,15.56,14.52,14.71,14.71,0
2018/5/9,14.54,14.63,13.38,13.42,13.42,0
2018/5/10,13.36,13.63,12.92,13.23,13.23,0
2018/5/11,13.22,13.44,12.65,12.65,12.65,0
2018/5/14,13.09,13.28,12.81,12.93,12.93,0
2018/5/15,13.13,15.01,12.5,14.63,14.63,0
2018/5/16,14.38,14.91,13.21,13.42,13.42,0
2018/5/17,13.54,13.86,12.65,13.43,13.43,0
2018/5/18,13.18,13.87,13.06,13.42,13.42,0
2018/5/21,12.99,13.59,12.78,13.08,13.08,0
2018/5/22,13.03,13.42,12.77,13.22,13.22,0
2018/5/23,13.5,14.6,12.49,12.58,12.58,0
2018/5/24,12.73,14.24,12.53,12.53,12.53,0
2018/5/25,12.44,13.52,12.29,13.22,13.22,0
2018/5/29,14.39,18.780001,14.39,17.02,17.02,0
2018/5/30,16.6,16.639999,14.65,14.94,14.94,0
2018/5/31,14.93,16.290001,14.2,15.43,15.43,0
2018/6/1,14.92,14.93,13.37,13.46,13.46,0
2018/6/4,13.91,13.91,12.69,12.74,12.74,0
2018/6/5,12.91,13.34,12.3,12.4,12.4,0
2018/6/6,12.1,12.56,11.62,11.64,11.64,0
2018/6/7,11.66,13.28,11.22,12.13,12.13,0
2018/6/8,12.54,13.31,12.09,12.18,12.18,0
2018/6/11,12.52,12.69,12.14,12.35,12.35,0
2018/6/12,12.29,12.6,11.88,12.34,12.34,0
2018/6/13,12.13,12.95,11.98,12.94,12.94,0
2018/6/14,12.98,13.07,11.88,12.12,12.12,0
2018/6/15,12.19,13.16,11.93,11.98,11.98,0
2018/6/18,12.79,13.74,12.28,12.31,12.31,0
2018/6/19,14.61,14.68,13.21,13.35,13.35,0
2018/6/20,12.9,13.02,12.25,12.79,12.79,0
2018/6/21,12.54,15.18,12.18,14.64,14.64,0
2018/6/22,14.6,14.6,13.11,13.77,13.77,0
2018/6/25,15.07,19.610001,14.56,17.33,17.33,0
2018/6/26,16.709999,17.540001,15.1,15.92,15.92,0
2018/6/27,16.52,18.190001,14.76,17.91,17.91,0
2018/6/28,17.540001,18.99,16.4,16.85,16.85,0
2018/6/29,15.73,16.51,14.66,16.09,16.09,0
2018/7/2,17.700001,18.08,15.54,15.6,15.6,0
2018/7/3,15.37,16.450001,14.68,16.139999,16.139999,0
2018/7/5,15.62,16.219999,14.47,14.97,14.97,0
2018/7/6,14.99,15.45,13.34,13.37,13.37,0
2018/7/9,13.02,13.22,12.6,12.69,12.69,0
2018/7/10,12.52,13.21,11.93,12.64,12.64,0
2018/7/11,14.05,14.15,13.09,13.63,13.63,0
2018/7/12,13.07,13.33,12.42,12.58,12.58,0
2018/7/13,12.39,12.97,11.62,12.18,12.18,0
2018/7/16,12.77,12.97,12.46,12.83,12.83,0
2018/7/17,12.91,13.18,11.85,12.06,12.06,0
2018/7/18,11.87,12.47,11.44,12.1,12.1,0
2018/7/19,12.2,13.09,11.79,12.87,12.87,0
2018/7/20,13,13.58,12.49,12.86,12.86,0
2018/7/23,13.47,13.55,12.58,12.62,12.62,0
2018/7/24,12.61,13.21,11.66,12.41,12.41,0
2018/7/25,12.37,12.82,11.8,12.29,12.29,0
2018/7/26,12.45,12.53,11.78,12.14,12.14,0
2018/7/27,12.17,14.26,11.6,13.03,13.03,0
2018/7/30,13.63,14.46,12.98,14.26,14.26,0
2018/7/31,13.98,14.12,12.81,12.83,12.83,0
2018/8/1,13.09,13.63,12.45,13.15,13.15,0
2018/8/2,13.57,14.53,12.17,12.19,12.19,0
2018/8/3,12.43,12.46,11.07,11.64,11.64,0
2018/8/6,11.91,12.15,11.17,11.27,11.27,0
2018/8/7,11.12,11.24,10.52,10.93,10.93,0
2018/8/8,10.93,11.18,10.52,10.85,10.85,0
2018/8/9,10.94,11.31,10.17,11.27,11.27,0
2018/8/10,12.34,13.82,12.3,13.16,13.16,0
2018/8/13,14.5,15.02,12.95,14.78,14.78,0
2018/8/14,13.93,14.22,13.11,13.31,13.31,0
2018/8/15,13.52,16.860001,13.44,14.64,14.64,0
2018/8/16,14.18,14.36,12.82,13.45,13.45,0
2018/8/17,13.18,13.96,12.4,12.64,12.64,0
2018/8/20,12.57,12.79,12.26,12.49,12.49,0
2018/8/21,12.47,12.89,12.09,12.86,12.86,0
2018/8/22,13.09,13.29,11.97,12.25,12.25,0
2018/8/23,12.03,12.68,11.65,12.41,12.41,0
2018/8/24,12.13,12.17,11.83,11.99,11.99,0
2018/8/27,12.37,12.48,12.02,12.16,12.16,0
2018/8/28,12.01,12.5,11.87,12.5,12.5,0
2018/8/29,12.34,12.55,12.09,12.25,12.25,0
2018/8/30,12.25,13.95,12.24,13.53,13.53,0
2018/8/31,13.54,14.03,12.82,12.86,12.86,0
2018/9/4,13.13,14.35,13.12,13.16,13.16,0
2018/9/5,13.69,14.3,13.23,13.91,13.91,0
2018/9/6,14.21,15.41,13.72,14.65,14.65,0
2018/9/7,14.72,15.63,14.31,14.88,14.88,0
2018/9/10,15.09,15.2,13.93,14.16,14.16,0
2018/9/11,13.96,14.92,13.21,13.22,13.22,0
2018/9/12,13.07,13.86,12.91,13.14,13.14,0
2018/9/13,12.91,12.91,12.3,12.37,12.37,0
2018/9/14,12.13,13.15,11.93,12.07,12.07,0
2018/9/17,12.72,13.75,12.32,13.68,13.68,0
2018/9/18,13.48,13.48,12.56,12.79,12.79,0
2018/9/19,12.61,12.77,11.66,11.75,11.75,0
2018/9/20,11.82,11.96,11.31,11.8,11.8,0
2018/9/21,11.76,12.03,11.1,11.68,11.68,0
2018/9/24,12.46,12.92,12.18,12.2,12.2,0
2018/9/25,12.28,12.6,11.8,12.42,12.42,0
2018/9/26,12.21,13.13,11.55,12.89,12.89,0
2018/9/27,12.77,13,11.94,12.41,12.41,0
2018/9/28,12.59,13.22,12.09,12.12,12.12,0
2018/10/1,11.99,12.4,11.57,12,12,0
2018/10/2,12.47,12.69,11.61,12.05,12.05,0
2018/10/3,11.66,12.14,11.34,11.61,11.61,0
2018/10/4,12.84,15.84,12.42,14.22,14.22,0
2018/10/5,14.29,17.360001,11.72,14.82,14.82,0
2018/10/8,16.049999,18.379999,15.69,15.69,15.69,0
2018/10/9,16.120001,17.49,15.27,15.95,15.95,0
2018/10/10,16.030001,22.959999,15.83,22.959999,22.959999,0
2018/10/11,23.07,28.84,20.65,24.98,24.98,0
2018/10/12,21.629999,26.799999,20.879999,21.309999,21.309999,0
2018/10/15,21.969999,22.889999,19.469999,21.299999,21.299999,0
2018/10/16,20.280001,20.559999,17.549999,17.620001,17.620001,0
2018/10/17,17.059999,19.549999,17.059999,17.4,17.4,0
2018/10/18,18.02,21.57,17.51,20.059999,20.059999,0
2018/10/19,19.24,21.08,18.389999,19.889999,19.889999,0
2018/10/22,19.379999,20.889999,18.82,19.639999,19.639999,0
2018/10/23,22.18,24.66,20.18,20.709999,20.709999,0
2018/10/24,21.6,26.379999,20.4,25.23,25.23,0
2018/10/25,24.780001,24.780001,22.059999,24.219999,24.219999,0
2018/10/26,24.51,27.52,23.33,24.16,24.16,0
2018/10/29,24.48,27.860001,22.01,24.700001,24.700001,0
2018/10/30,23.940001,25.549999,23.110001,23.35,23.35,0
2018/10/31,22.719999,22.799999,20.389999,21.23,21.23,0
2018/11/1,20.959999,21.209999,19.030001,19.34,19.34,0
2018/11/2,18.52,21.610001,18.049999,19.51,19.51,0
2018/11/5,20.58,20.870001,19.639999,19.959999,19.959999,0
2018/11/6,19.84,20.6,19.690001,19.91,19.91,0
2018/11/7,18.030001,18.049999,16.33,16.360001,16.360001,0
2018/11/8,16.18,17.200001,16.09,16.719999,16.719999,0
2018/11/9,16.870001,18.41,16.84,17.360001,17.360001,0
2018/11/12,17.26,20.709999,17.25,20.450001,20.450001,0
2018/11/13,19.450001,21.25,19.110001,20.02,20.02,0
2018/11/14,20.52,22.360001,19.299999,21.25,21.25,0
2018/11/15,20.41,22.969999,19.940001,19.98,19.98,0
2018/11/16,20.040001,21.360001,18.1,18.139999,18.139999,0
2018/11/19,18.780001,20.99,18.52,20.1,20.1,0
2018/11/20,20.76,23.809999,20.370001,22.48,22.48,0
2018/11/21,21.66,22.309999,20.110001,20.799999,20.799999,0
2018/11/23,21.23,22.65,20.65,21.52,21.52,0
2018/11/26,20.780001,20.799999,18.67,18.9,18.9,0
2018/11/27,19.41,19.93,18.700001,19.02,19.02,0
2018/11/28,18.870001,19.379999,18.18,18.49,18.49,0
2018/11/29,18.65,20.48,18.59,18.790001,18.790001,0
2018/11/30,19.18,19.91,18.030001,18.07,18.07,0
2018/12/3,16.040001,17.280001,15.94,16.440001,16.440001,0
2018/12/4,16.84,21.940001,16.26,20.74,20.74,0
2018/12/6,23.530001,25.940001,20.940001,21.190001,21.190001,0
2018/12/7,22.42,24.709999,19.9,23.23,23.23,0
2018/12/10,23.950001,25.940001,22.5,22.639999,22.639999,0
2018/12/11,22.959999,23.6,21.389999,21.76,21.76,0
2018/12/12,21.91,21.91,20.5,21.459999,21.459999,0
2018/12/13,21,21.57,20.34,20.65,20.65,0
2018/12/14,21.57,22.469999,20.950001,21.629999,21.629999,0
2018/12/17,22.360001,25.879999,21.969999,24.52,24.52,0
2018/12/18,24.68,26.139999,23.639999,25.58,25.58,0
2018/12/19,25.15,26.639999,22.5,25.58,25.58,0
2018/12/20,26.09,30.299999,24.68,28.379999,28.379999,0
2018/12/21,28.24,31.35,25.709999,30.110001,30.110001,0
2018/12/24,29.290001,36.099998,29.16,36.07,36.07,0
2018/12/26,35.5,36.200001,29.59,30.41,30.41,0
2018/12/27,31.200001,33.799999,29.66,29.959999,29.959999,0
2018/12/28,29.969999,31.049999,27.43,28.34,28.34,0
2018/12/31,27.59,27.639999,25.33,25.42,25.42,0
2019/1/2,27.540001,28.530001,23.049999,23.219999,23.219999,0
2019/1/3,25.68,26.6,24.049999,25.450001,25.450001,0
2019/1/4,24.360001,24.48,21.190001,21.379999,21.379999,0
2019/1/7,22.059999,22.709999,20.91,21.4,21.4,0
2019/1/8,20.959999,22.030001,20.09,20.469999,20.469999,0
2019/1/9,20.440001,22.799999,19.48,19.98,19.98,0
2019/1/10,20.98,21.32,19.290001,19.5,19.5,0
2019/1/11,19.68,20.16,18.120001,18.190001,18.190001,0
2019/1/14,19.84,20.27,18.700001,19.07,19.07,0
2019/1/15,18.530001,19.200001,17.98,18.6,18.6,0
2019/1/16,18.08,19.040001,17.76,19.040001,19.040001,0
2019/1/17,19.51,19.719999,17.85,18.059999,18.059999,0
2019/1/18,17.799999,18.18,17.17,17.799999,17.799999,0
2019/1/22,18.530001,21.15,18.200001,20.799999,20.799999,0
2019/1/23,20.85,22.02,19.469999,19.52,19.52,0
2019/1/24,19.690001,20.25,18.629999,18.889999,18.889999,0
2019/1/25,18.43,18.459999,17.309999,17.42,17.42,0
2019/1/28,18.559999,20.42,18.42,18.870001,18.870001,0
2019/1/29,19.450001,19.93,18.42,19.129999,19.129999,0
2019/1/30,19.15,19.309999,17.540001,17.66,17.66,0
2019/1/31,17.389999,17.719999,16.540001,16.57,16.57,0
2019/2/1,16.629999,16.83,16.08,16.139999,16.139999,0
2019/2/4,16.719999,16.73,15.6,15.73,15.73,0
2019/2/5,15.79,15.94,15.04,15.57,15.57,0
2019/2/6,15.44,15.87,15.09,15.38,15.38,0
2019/2/7,15.66,17.889999,15.51,16.370001,16.370001,0
2019/2/8,16.809999,17.629999,15.62,15.72,15.72,0
