machineID,machine_include_apps,machine_include_containers
m_2556,31,31
m_962,30,30
m_644,15,23
m_1423,9,9
m_334,31,31
m_2825,16,19
m_2250,23,23
m_1646,23,23
m_434,32,32
m_1165,13,17
m_3681,26,28
m_548,11,13
m_1259,18,18
m_1821,16,17
m_2287,10,16
m_2514,17,20
m_969,14,22
m_1622,14,20
m_690,12,14
m_789,30,30
m_1218,32,32
m_2721,30,30
m_2525,9,12
m_1724,13,24
m_2191,25,25
m_3427,13,18
m_1386,19,23
m_3760,15,19
m_647,28,28
m_2146,30,30
m_2228,9,9
m_1088,32,32
m_786,31,32
m_1005,13,19
m_2606,28,29
m_554,20,21
m_2194,31,31
m_1520,31,31
m_849,30,30
m_1844,18,22
m_3861,16,19
m_2790,17,19
m_2781,15,15
m_2042,8,8
m_1637,13,15
m_1382,21,21
m_2654,12,15
m_3895,14,18
m_2906,33,33
m_504,11,16
m_778,20,23
m_2503,16,18
m_2954,19,23
m_2651,17,20
m_2567,32,32
m_2257,18,18
m_3421,10,12
m_2637,18,25
m_1277,13,18
m_521,10,10
m_1089,20,23
m_673,14,16
m_2462,9,9
m_3261,33,33
m_3558,13,14
m_1344,12,14
m_3831,20,20
m_2623,13,15
m_4019,24,24
m_2766,10,10
m_3483,23,23
m_3821,18,21
m_3766,19,22
m_959,13,17
m_3065,13,15
m_3898,13,18
m_1461,13,14
m_179,7,14
m_1421,17,17
m_1501,13,22
m_1138,17,19
m_2220,19,22
m_1852,9,9
m_2135,17,22
m_3787,30,30
m_111,18,19
m_1776,8,8
m_1130,30,30
m_2847,30,30
m_3619,26,26
m_3965,8,8
m_1261,10,15
m_2421,16,20
m_572,9,9
m_1746,19,23
m_3516,30,30
m_2409,10,14
m_2664,17,20
m_1122,34,34
m_1006,17,21
m_590,15,17
m_1074,15,16
m_705,13,16
m_1346,10,10
m_3677,14,15
m_2014,9,9
m_1596,20,24
m_3598,17,17
m_1969,8,8
m_1728,28,28
m_1464,15,18
m_2404,24,24
m_131,18,19
m_2572,27,27
m_488,20,23
m_1094,10,17
m_265,28,28
m_267,22,23
m_2570,28,28
m_1988,12,15
m_3347,10,12
m_2342,8,8
m_1798,8,8
m_3447,13,15
m_3626,25,25
m_202,30,31
m_2368,5,19
m_1348,14,20
m_3789,21,23
m_230,30,30
m_3124,22,23
m_450,14,16
m_2270,28,28
m_1322,17,21
m_3319,10,10
m_2338,22,22
m_3333,9,9
m_2759,11,11
m_1400,22,24
m_734,10,19
m_2058,19,19
m_2114,22,23
m_1415,16,20
m_2591,19,23
m_1629,31,31
m_429,32,32
m_3390,14,17
m_3032,17,19
m_117,9,9
m_2345,17,20
m_343,14,17
m_3560,26,26
m_3687,18,23
m_2235,23,23
m_2358,22,23
m_794,9,9
m_1805,15,24
m_557,32,33
m_3028,30,30
m_2769,10,10
m_1786,13,16
m_3736,16,19
m_93,13,17
m_3786,30,31
m_2428,23,23
m_981,20,23
m_776,21,21
m_2982,16,18
m_2932,11,15
m_3733,21,23
m_3873,33,33
m_1443,23,23
m_1903,14,24
m_1908,16,17
m_1978,20,24
m_2337,21,23
m_1885,10,10
m_1871,11,11
m_678,9,9
m_1879,14,14
m_411,18,22
m_3218,12,17
m_2622,18,20
m_1977,32,32
m_3647,13,17
m_4003,29,29
m_831,17,23
m_44,32,32
m_1663,22,24
m_3908,16,21
m_515,15,17
m_249,17,17
m_1201,31,31
m_1504,31,31
m_3338,19,25
m_2432,14,19
m_2690,10,16
m_2062,16,19
m_889,18,18
m_872,27,27
m_1300,15,15
m_2181,12,16
m_2124,17,22
m_2968,21,23
m_1309,16,23
m_427,17,20
m_1706,9,13
m_380,16,17
m_2346,16,18
m_3876,9,9
m_1221,7,8
m_2610,11,13
m_5,21,22
m_727,15,23
m_609,20,23
m_1205,7,13
m_1044,28,28
m_942,14,16
m_1958,13,14
m_2839,14,23
m_507,9,9
m_3011,22,22
m_3366,17,17
m_2521,13,13
m_2563,13,21
m_2223,33,33
m_2385,21,23
m_479,11,18
m_762,9,9
m_1332,30,30
m_3932,21,23
m_3408,16,20
m_3323,17,21
m_860,9,9
m_3616,15,15
m_758,16,16
m_1343,12,13
m_1058,33,33
m_3295,14,16
m_3241,28,29
m_1546,16,16
m_318,11,12
m_1987,16,22
m_529,19,21
m_438,19,20
m_2951,9,9
m_2269,8,8
m_2169,10,13
m_3128,16,18
m_3139,14,16
m_3097,33,33
m_753,13,15
m_22,29,29
m_3341,30,30
m_3854,11,14
m_1964,12,17
m_722,31,31
m_1945,19,20
m_3202,30,30
m_3642,19,20
m_3132,30,31
m_3806,12,14
m_3700,10,10
m_1513,13,17
m_2940,13,17
m_757,12,18
m_977,11,16
m_2574,30,30
m_3121,22,24
m_1362,7,7
m_337,13,17
m_3349,29,29
m_2329,9,9
m_1137,19,23
m_204,17,17
m_100,14,22
m_2673,18,18
m_3368,4,4
m_443,14,18
m_1467,9,9
m_1220,14,19
m_2738,29,29
m_2010,9,9
m_3169,8,8
m_918,9,9
m_1104,21,21
m_1408,10,10
m_3448,8,8
m_2894,18,23
m_3079,20,20
m_3513,21,22
m_2589,14,18
m_2474,32,32
m_2892,14,17
m_3561,21,22
m_994,19,21
m_2027,31,31
m_1232,29,29
m_700,17,20
m_610,17,19
m_2225,25,25
m_3363,29,29
m_1476,12,16
m_2755,29,29
m_1891,16,18
m_1116,30,30
m_3207,13,15
m_3109,17,22
m_795,5,14
m_2440,18,20
m_961,17,23
m_2758,13,17
m_2995,17,19
m_3212,10,14
m_1808,10,14
m_3674,12,16
m_442,30,30
m_155,20,20
m_164,18,21
m_694,19,23
m_2650,16,24
m_3617,34,34
m_2065,8,8
m_2843,19,21
m_1159,30,30
m_2509,13,16
m_1078,16,26
m_1102,25,25
m_2976,6,6
m_718,18,23
m_3815,10,15
m_3221,31,32
m_685,20,22
m_1998,11,14
m_1093,33,33
m_1775,29,29
m_1148,9,9
m_3727,16,19
m_524,18,23
m_704,14,18
m_3284,13,14
m_1482,17,19
m_2098,22,22
m_143,31,32
m_3266,30,31
m_1773,31,31
m_1968,13,28
m_3354,19,22
m_3136,17,21
m_3528,18,19
m_3297,16,23
m_1176,8,9
m_333,7,7
m_2552,7,7
m_2956,23,25
m_3565,16,16
m_2488,24,24
m_1502,29,29
m_404,23,24
m_3834,10,10
m_3811,32,32
m_2867,31,31
m_3779,10,10
m_3494,34,34
m_3870,30,30
m_88,9,23
m_1290,14,21
m_1519,15,20
m_2066,19,21
m_2767,20,23
m_841,18,18
m_1038,19,21
m_656,13,17
m_1139,15,22
m_3309,33,33
m_972,22,22
m_2797,10,10
m_3378,9,9
m_1281,3,23
m_3741,10,14
m_1333,20,23
m_2907,33,33
m_3728,15,15
m_2109,14,17
m_3498,13,19
m_3340,21,24
m_988,15,17
m_754,20,23
m_150,13,22
m_558,26,26
m_3665,32,32
m_3334,32,32
m_3947,30,30
m_2453,18,20
m_342,11,14
m_2811,20,22
m_733,32,32
m_2479,20,23
m_2716,26,28
m_163,32,32
m_613,28,28
m_2019,14,18
m_3941,27,27
m_1910,21,23
m_38,30,30
m_750,16,18
m_2413,12,17
m_878,20,22
m_1788,31,31
m_2776,30,30
m_403,23,23
m_2740,29,29
m_145,17,17
m_1661,31,31
m_327,32,32
m_1337,33,33
m_537,31,31
m_1764,15,18
m_1114,8,8
m_1972,15,22
m_489,17,18
m_3072,12,17
m_41,9,9
m_851,14,17
m_3042,10,12
m_2771,15,22
m_3361,11,12
m_3719,9,9
m_3336,9,9
m_3590,4,12
m_651,15,17
m_3901,16,16
m_555,30,30
m_1390,26,26
m_1862,20,23
m_3693,17,21
m_2560,28,28
m_3643,31,32
m_1599,19,20
m_1414,16,28
m_2596,33,33
m_1316,31,31
m_2880,9,9
m_780,6,13
m_2303,32,32
m_2748,23,24
m_3276,21,21
m_378,21,23
m_1341,22,23
m_296,13,15
m_2520,29,29
m_544,12,20
m_2412,19,19
m_1293,15,20
m_356,15,16
m_3784,22,24
m_1328,20,21
m_661,31,31
m_807,13,16
m_1739,12,15
m_162,15,16
m_3825,14,16
m_1951,28,29
m_2390,10,19
m_980,14,16
m_3635,28,28
m_629,19,22
m_1851,12,18
m_2254,8,8
m_2835,15,17
m_1050,15,17
m_3151,30,31
m_3916,9,9
m_2889,6,7
m_2696,18,18
m_261,31,31
m_3557,28,28
m_2990,23,23
m_2544,31,31
m_36,24,24
m_2993,32,32
m_2904,32,32
m_3070,10,14
m_626,15,22
m_2172,32,32
m_1023,13,22
m_2984,9,9
m_1860,10,14
m_2242,18,18
m_3045,9,9
m_3186,28,29
m_473,10,16
m_2429,22,22
m_3775,32,32
m_221,14,14
m_470,29,29
m_1374,22,22
m_1051,33,33
m_2204,31,31
m_1864,11,17
m_1509,11,16
m_4000,25,26
m_545,15,22
m_792,13,17
m_3329,6,6
m_2898,16,20
m_3802,15,15
m_2226,28,28
m_2319,16,23
m_1419,14,16
m_174,29,29
m_3519,11,14
m_223,15,16
m_1589,14,16
m_3880,15,16
m_3961,9,9
m_452,21,23
m_2128,15,19
m_744,19,23
m_2874,17,19
m_3531,31,31
m_91,18,19
m_2539,15,19
m_3062,8,8
m_2768,13,16
m_1814,29,29
m_149,33,33
m_2645,20,22
m_1289,13,18
m_2647,23,23
m_595,4,22
m_1986,11,11
m_3046,7,7
m_665,20,22
m_3465,18,26
m_1767,32,32
m_2154,15,19
m_1600,17,20
m_2937,20,20
m_2854,15,17
m_2073,20,20
m_837,32,32
m_2189,16,21
m_1616,18,23
m_2642,13,15
m_2489,21,23
m_1311,34,34
m_3524,10,15
m_607,11,14
m_3634,19,21
m_1758,18,20
m_2666,15,18
m_3058,18,18
m_2820,19,22
m_895,15,20
m_3989,30,30
m_3887,12,16
m_1918,8,12
m_3913,11,15
m_713,18,22
m_2022,9,9
m_1917,18,18
m_1223,9,9
m_1199,25,25
m_835,18,18
m_655,13,19
m_1488,32,32
m_1384,16,23
m_3632,13,15
m_652,30,30
m_3486,21,24
m_3533,29,29
m_808,17,21
m_1900,23,24
m_1279,19,23
m_1135,13,18
m_616,22,23
m_323,27,28
m_37,14,21
m_2343,33,33
m_1240,12,14
m_2449,29,29
m_1269,17,20
m_375,16,18
m_3755,10,13
m_1897,18,21
m_1052,17,22
m_486,22,23
m_2089,15,28
m_2071,17,17
m_2464,15,16
m_3392,15,17
m_1574,17,18
m_12,10,10
m_3549,10,20
m_3356,14,14
m_1708,27,27
m_3959,13,14
m_2848,16,17
m_3240,22,22
m_2925,16,23
m_3504,14,17
m_326,13,14
m_975,15,18
m_2789,16,16
m_324,12,16
m_1921,17,18
m_1001,10,24
m_2507,11,12
m_582,18,18
m_57,10,18
m_1235,19,22
m_3457,17,17
m_453,19,22
m_2067,30,30
m_2852,28,28
m_2060,18,23
m_650,13,13
m_3430,12,17
m_2689,16,18
m_1654,29,29
m_525,12,18
m_1750,21,24
m_2085,10,10
m_2634,10,12
m_1707,18,18
m_2927,11,12
m_1178,31,31
m_2349,14,18
m_1430,19,20
m_1237,17,23
m_3332,14,17
m_937,16,23
m_3696,10,15
m_1790,20,23
m_1378,12,15
m_2861,15,22
m_920,29,29
m_2777,22,22
m_1617,12,20
m_4025,15,16
m_3303,20,22
m_1940,17,19
m_519,21,23
m_2361,21,23
m_2779,27,27
m_3301,31,31
m_542,10,15
m_441,10,10
m_211,11,14
m_1590,16,17
m_2176,15,20
m_2992,16,23
m_3904,16,19
m_3461,10,16
m_688,11,13
m_1272,15,18
m_740,8,10
m_1705,14,27
m_2178,15,18
m_3380,15,15
m_241,27,27
m_3705,18,22
m_3453,18,24
m_1603,22,24
m_2959,30,30
m_906,9,9
m_3739,17,18
m_887,15,29
m_721,22,23
m_3168,15,19
m_1275,19,23
m_1656,20,23
m_986,18,22
m_3924,10,10
m_1072,19,22
m_1496,34,34
m_2143,13,16
m_417,14,18
m_2945,7,7
m_2418,18,20
m_1263,13,14
m_3225,17,18
m_109,32,32
m_3117,11,15
m_3546,16,18
m_55,17,21
m_3372,17,20
m_1436,15,19
m_2972,12,13
m_2713,12,15
m_2513,32,32
m_2780,25,25
m_1692,18,18
m_2872,11,16
m_2448,7,8
m_2292,13,16
m_1033,33,33
m_1545,18,23
m_263,9,9
m_2305,30,30
m_24,29,29
m_3577,7,7
m_3515,21,23
m_1340,6,6
m_480,10,11
m_15,11,13
m_1870,13,16
m_1458,9,9
m_3474,12,16
m_3940,29,30
m_2646,10,14
m_1417,30,31
m_2407,10,15
m_2559,21,23
m_1787,32,32
m_3148,22,23
m_2111,14,16
m_855,9,9
m_3472,15,16
m_1744,8,8
m_1118,9,9
m_2669,6,13
m_3852,28,28
m_3446,30,30
m_2845,24,24
m_3842,18,20
m_3220,22,23
m_68,33,33
m_1703,16,23
m_2061,14,15
m_3525,12,15
m_2901,32,32
m_2186,19,22
m_2575,17,17
m_1215,30,30
m_2782,30,30
m_3951,14,16
m_3331,17,17
m_196,9,12
m_2107,11,14
m_1819,17,22
m_3355,9,9
m_3238,22,23
m_1243,13,23
m_3699,12,32
m_3608,26,27
m_500,30,30
m_4030,28,28
m_3250,32,32
m_3543,19,23
m_1216,16,21
m_357,23,24
m_1668,11,14
m_3585,13,17
m_368,7,7
m_1053,16,23
m_103,9,9
m_3774,27,27
m_1342,14,18
m_167,14,21
m_3433,32,32
m_3015,33,33
m_809,12,16
m_1167,31,31
m_631,20,20
m_2152,14,15
m_1931,24,24
m_3853,31,31
m_491,18,18
m_822,17,19
m_3631,23,23
m_2195,31,31
m_1619,9,10
m_1678,13,15
m_584,29,29
m_1092,11,16
m_1514,19,21
m_2363,28,28
m_2763,19,20
m_1432,29,29
m_2547,20,22
m_3857,19,23
m_76,21,23
m_711,31,31
m_2665,9,11
m_1804,25,25
m_2722,16,17
m_295,11,16
m_139,13,16
m_2070,14,19
m_2919,14,34
m_3252,16,24
m_3809,19,21
m_3927,13,21
m_2069,14,14
m_1132,10,13
m_3902,20,21
m_320,11,12
m_1076,28,28
m_3539,10,11
m_3790,31,31
m_939,10,13
m_2048,9,12
m_264,13,18
m_3660,6,14
m_677,15,19
m_550,12,15
m_2846,14,17
m_1887,30,31
m_859,16,17
m_2812,29,29
m_159,17,20
m_3618,27,27
m_2132,16,31
m_2668,31,31
m_2517,25,25
m_2147,31,31
m_2505,28,28
m_1411,30,30
m_3982,27,27
m_1207,30,30
m_2950,15,17
m_1645,19,22
m_1456,11,13
m_1446,13,16
m_3943,28,28
m_1579,19,21
m_291,8,8
m_683,8,8
m_3645,12,12
m_2252,18,19
m_3500,14,18
m_382,13,13
m_1541,13,16
m_2928,15,20
m_2476,23,23
m_729,19,22
m_240,7,7
m_420,15,18
m_126,31,31
m_1855,25,25
m_270,10,10
m_3849,19,22
m_3622,16,19
m_3597,22,22
m_3367,13,21
m_3353,30,30
m_406,17,19
m_3171,11,20
m_949,14,21
m_1127,15,16
m_3102,32,32
m_541,13,17
m_418,20,23
m_239,15,35
m_664,33,33
m_3205,17,24
m_3891,21,21
m_2055,16,16
m_2684,17,19
m_3952,19,19
m_3384,10,13
m_3460,28,28
m_176,18,21
m_490,19,21
m_2311,11,17
m_2946,21,23
m_2652,21,23
m_2746,10,14
m_811,11,15
m_1197,33,33
m_2165,16,18
m_3382,28,32
m_1364,29,29
m_2324,14,19
m_1141,10,10
m_858,17,17
m_3654,29,29
m_1554,16,18
m_3395,14,19
m_312,13,17
m_347,12,19
m_3685,20,22
m_601,13,16
m_3988,5,14
m_581,17,17
m_1899,29,29
m_2248,26,26
m_250,27,27
m_2399,10,10
m_1954,13,25
m_2110,31,31
m_3445,19,22
m_3133,16,25
m_3112,14,16
m_1354,26,26
m_1597,10,10
m_439,14,17
m_165,34,34
m_998,8,8
m_2340,17,19
m_3574,22,23
m_2190,29,30
m_3493,8,11
m_471,28,28
m_2360,11,16
m_3529,9,9
m_1191,8,8
m_1151,11,14
m_2708,17,19
m_1291,4,4
m_2786,28,28
m_3440,17,22
m_952,22,24
m_1069,21,23
m_3459,17,18
m_3320,20,22
m_1559,16,17
m_908,8,9
m_1751,19,21
m_1064,20,20
m_1698,8,8
m_3401,4,4
m_2607,16,17
m_2817,30,30
m_4018,16,19
m_2334,20,23
m_748,16,16
m_1483,32,32
m_2423,22,24
m_799,18,19
m_1163,23,23
m_2370,22,22
m_3449,4,4
m_3438,17,23
m_3051,16,20
m_1004,10,13
m_2356,19,22
m_3838,29,29
m_484,11,14
m_231,18,19
m_2640,12,14
m_19,28,28
m_3307,15,19
m_3166,30,30
m_1360,17,24
m_2561,19,20
m_2354,8,8
m_2084,30,31
m_3860,10,10
m_3903,21,21
m_570,30,31
m_2600,25,27
m_2445,12,13
m_1057,16,17
m_3656,16,23
m_2934,22,22
m_1087,28,28
m_2405,10,10
m_2180,26,26
m_2508,31,31
m_3869,15,15
m_2627,18,18
m_935,16,16
m_1534,30,30
m_64,19,19
m_2072,21,22
m_3673,13,13
m_353,8,8
m_2082,15,18
m_148,9,9
m_2196,19,23
m_3383,14,22
m_3602,16,21
m_23,30,30
m_2579,16,18
m_899,30,30
m_460,13,17
m_1672,8,24
m_1385,12,13
m_1288,8,8
m_1741,10,10
m_3605,10,10
m_2212,9,10
m_2921,14,17
m_469,11,15
m_2868,10,10
m_181,20,23
m_158,16,18
m_2304,30,30
m_3791,19,19
m_2455,17,22
m_426,20,22
m_1863,13,16
m_2427,14,16
m_2495,13,16
m_1651,17,22
m_3918,15,20
m_3056,9,9
m_81,17,23
m_1134,10,17
m_3768,10,17
m_2858,16,19
m_4013,14,17
m_1576,14,16
m_798,13,16
m_3423,4,23
m_361,30,30
m_3060,13,17
m_2718,20,23
m_2392,32,32
m_242,8,8
m_1021,15,23
m_1691,15,16
m_592,15,16
m_3402,17,17
m_1175,16,21
m_2253,14,17
m_2285,8,8
m_2694,16,23
m_646,18,18
m_303,29,29
m_512,11,16
m_3052,26,26
m_98,19,23
m_2532,22,23
m_1459,12,14
m_2661,14,21
m_3161,30,30
m_703,20,22
m_1441,18,23
m_660,14,17
m_772,28,28
m_1952,17,19
m_2944,10,10
m_1326,18,20
m_3005,16,18
m_43,10,10
m_1700,21,23
m_2971,19,20
m_1778,26,26
m_2765,25,25
m_645,8,8
m_2492,22,25
m_3200,30,30
m_1214,12,16
m_2280,16,17
m_2224,24,24
m_2320,30,31
m_3090,20,23
m_1401,8,8
m_3348,18,24
m_563,12,14
m_540,16,19
m_2467,18,20
m_2364,22,24
m_3949,20,22
m_3031,8,8
m_3231,21,21
m_2850,22,23
m_3412,21,23
m_2064,30,30
m_747,32,32
m_2293,18,20
m_3987,27,27
m_1036,22,23
m_1925,32,32
m_3293,29,29
m_175,26,26
m_1740,29,29
m_53,11,15
m_2749,13,17
m_1410,4,20
m_4014,20,20
m_1753,32,32
m_154,15,17
m_926,31,31
m_3499,9,13
m_2985,6,6
m_3479,31,31
m_2524,14,16
m_3591,6,6
m_468,29,29
m_2031,26,26
m_3436,8,8
m_3971,15,18
m_3187,32,32
m_3509,32,32
m_1048,31,31
m_3859,15,19
m_3050,18,20
m_945,19,22
m_271,14,23
m_3455,8,8
m_1878,32,32
m_2980,10,14
m_3652,29,29
m_619,20,23
m_625,20,23
m_1255,19,22
m_983,12,16
m_1842,13,18
m_2308,10,10
m_1868,30,30
m_209,16,26
m_1452,15,16
m_3185,17,22
m_653,27,29
m_3157,12,21
m_3914,25,25
m_2331,17,23
m_2863,19,19
m_268,8,8
m_782,8,8
m_3373,18,21
m_2240,19,19
m_3759,22,23
m_800,23,23
m_1785,23,23
m_3507,33,33
m_1613,18,19
m_3628,29,29
m_3454,27,27
m_311,15,18
m_527,12,15
m_1896,13,18
m_1491,30,30
m_1710,13,16
m_802,8,12
m_3177,9,9
m_1473,18,20
m_3149,10,10
m_1992,31,31
m_1231,10,14
m_3514,31,31
m_2813,14,18
m_1389,11,14
m_3968,16,19
m_152,24,24
m_2021,14,16
m_1734,31,31
m_371,12,14
m_3289,27,27
m_539,8,8
m_3069,17,21
m_2030,22,22
m_749,29,29
m_2897,31,31
m_1959,16,19
m_1536,31,31
m_3393,21,21
m_1721,27,27
m_352,26,26
m_48,18,19
m_3475,16,18
m_2535,8,11
m_3683,15,21
m_2658,9,9
m_3702,28,28
m_3995,8,8
m_3360,31,32
m_1335,15,15
m_958,10,10
m_3055,22,23
m_2233,19,21
m_2446,30,30
m_3658,29,29
m_1577,16,18
m_3256,15,15
m_3892,21,24
m_1523,32,32
m_2930,31,32
m_2130,9,9
m_1594,12,18
m_1287,13,15
m_1475,32,32
m_133,11,13
m_437,16,18
m_2387,9,9
m_2729,9,9
m_1902,14,18
m_1399,31,31
m_1949,29,29
m_3595,10,10
m_3180,13,17
m_360,28,28
m_1164,31,31
m_129,20,20
m_78,18,18
m_3379,11,14
m_1660,11,15
m_4033,14,17
m_3302,8,8
m_2271,15,18
m_2388,19,19
m_62,33,33
m_1040,30,30
m_932,18,20
m_3835,11,15
m_982,18,19
m_2400,25,25
m_11,7,7
m_3894,14,17
m_3578,12,14
m_3862,33,33
m_1935,16,17
m_141,21,22
m_635,10,11
m_3713,13,13
m_3939,15,16
m_1729,17,17
m_3851,13,17
m_2093,16,21
m_1193,9,11
m_1961,13,17
m_4028,14,16
m_3510,12,17
m_1650,17,19
m_3562,18,20
m_1310,16,21
m_1832,20,22
m_3977,13,14
m_3172,21,24
m_3197,16,17
m_3568,16,23
m_804,23,24
m_844,19,22
m_3413,20,26
m_1611,30,30
m_1963,17,22
m_784,10,14
m_894,14,17
m_1317,32,32
m_1295,13,18
m_971,14,25
m_769,12,24
m_2821,11,17
m_1361,33,33
m_1955,15,15
m_1314,16,16
m_944,31,31
m_1506,11,16
m_2348,21,23
m_2216,20,23
m_3816,32,32
m_1882,11,12
m_3863,19,23
m_701,11,13
m_1544,18,21
m_2735,13,13
m_1551,32,32
m_1563,12,15
m_3671,26,26
m_2282,17,18
m_3227,30,30
m_3183,32,32
m_2382,18,23
m_2555,19,22
m_220,17,19
m_618,12,14
m_565,11,11
m_3800,17,18
m_3963,10,10
m_2949,19,19
m_845,31,31
m_1086,9,9
m_881,23,28
m_2290,10,10
m_1999,14,19
m_843,11,11
m_3224,18,19
m_3886,9,9
m_3268,28,28
m_374,15,17
m_3717,25,25
m_624,19,23
m_2246,31,31
m_1960,13,15
m_1380,11,11
m_1315,22,23
m_868,16,18
m_1888,15,25
m_4012,9,9
m_2162,16,21
m_2947,17,20
m_3381,16,19
m_2614,29,29
m_384,11,11
m_3273,10,14
m_2988,11,13
m_1755,9,10
m_330,9,9
m_775,21,22
m_1403,30,30
m_2227,20,22
m_3019,14,19
m_254,14,16
m_1425,21,23
m_2935,29,29
m_388,32,32
m_3098,20,21
m_1125,16,17
m_2752,10,10
m_3930,22,23
m_2501,28,28
m_2197,31,32
m_1369,19,23
m_3726,19,21
m_369,31,31
m_3342,17,22
m_3638,19,22
m_3659,18,22
m_1245,12,18
m_3000,29,29
m_1747,15,16
m_310,12,18
m_410,13,15
m_1142,7,10
m_2683,30,30
m_3944,17,19
m_2603,11,14
m_2441,21,23
m_834,11,11
m_1010,11,13
m_282,17,19
m_2158,9,9
m_941,19,23
m_1276,15,19
m_243,12,15
m_1717,34,34
m_316,13,19
m_3505,31,31
m_2171,16,19
m_435,20,23
m_1011,18,24
m_377,21,23
m_1325,14,18
m_1107,31,31
m_2506,11,11
m_1993,9,9
m_2726,21,23
m_2247,29,29
m_3466,7,7
m_3661,9,13
m_394,17,17
m_2519,11,24
m_2548,19,21
m_3752,17,18
m_1022,14,33
m_2964,8,11
m_3237,13,15
m_2895,9,9
m_2837,30,30
m_266,16,18
m_1297,10,23
m_1437,22,22
m_1553,11,12
m_715,12,14
m_923,9,13
m_3310,26,26
m_1349,32,32
m_964,12,16
m_2177,14,16
m_662,10,13
m_638,12,16
m_89,13,15
m_423,14,18
m_765,33,34
m_2003,17,19
m_2955,15,18
m_2953,17,17
m_3095,25,25
m_1120,16,19
m_1626,32,32
m_1738,23,23
m_856,18,18
m_1657,9,9
m_1561,12,14
m_2728,16,17
m_1644,12,17
m_3476,17,17
m_3189,16,17
m_591,29,29
m_781,11,14
m_2636,24,24
m_1956,12,14
m_2809,12,18
m_3884,13,13
m_967,18,25
m_1055,15,24
m_2527,15,17
m_2123,11,11
m_2922,9,9
m_2916,12,17
m_2443,34,34
m_2045,25,25
m_1779,33,33
m_3547,10,10
m_956,14,16
m_3399,10,10
m_1484,14,14
m_1928,18,19
m_3985,7,9
m_3803,15,16
m_1688,9,9
m_1213,22,23
m_3497,21,23
m_2362,12,14
m_1865,30,30
m_3077,16,21
m_2978,11,12
m_1286,15,17
m_779,15,16
m_3972,32,32
m_1249,8,8
m_3712,10,12
m_1927,32,32
m_3047,11,14
m_307,32,32
m_313,30,30
m_106,3,23
m_3506,14,17
m_2384,18,19
m_1019,18,21
m_127,10,10
m_16,17,23
m_3435,22,23
m_1268,9,9
m_4026,29,29
m_2626,20,23
m_1302,12,16
m_3130,11,11
m_724,28,28
m_112,31,31
m_3398,7,7
m_251,15,17
m_955,30,30
m_1388,14,22
m_2599,9,9
m_3173,16,23
m_186,15,17
m_3215,15,25
m_201,19,21
m_199,16,16
m_344,10,13
m_389,30,30
m_829,15,16
m_532,11,12
m_364,13,15
m_2717,13,18
m_3840,8,8
m_3204,28,30
m_505,13,16
m_3763,17,19
m_1934,17,19
m_2106,29,29
m_641,11,11
m_274,11,19
m_1606,19,23
m_2564,10,11
m_2243,19,22
m_3762,8,8
m_2442,10,12
m_679,13,16
m_812,10,14
m_3680,7,21
m_46,10,14
m_3669,11,11
m_1643,15,17
m_960,11,11
m_2702,20,22
m_985,8,8
m_1270,29,29
m_2602,13,14
m_1772,18,20
m_3396,21,22
m_248,13,15
m_3262,30,30
m_1267,29,29
m_622,7,14
m_2371,17,19
m_2536,30,31
m_2590,17,17
m_1161,27,27
m_273,9,12
m_1766,9,13
m_136,21,23
m_75,9,9
m_166,18,19
m_3426,13,17
m_329,21,23
m_3350,11,16
m_2699,30,30
m_3640,14,17
m_1404,11,16
m_2419,12,16
m_2315,11,14
m_2386,29,29
m_1639,13,14
m_72,15,20
m_805,19,19
m_3377,31,31
m_862,24,24
m_3625,20,24
m_2425,18,20
m_2814,8,8
m_2799,30,30
m_1953,17,20
m_3773,12,13
m_3108,32,32
m_2163,13,13
m_2245,14,17
m_2095,10,10
m_3698,8,12
m_3126,9,9
m_3463,14,16
m_2725,8,8
m_3794,9,9
m_1829,16,19
m_1357,16,19
m_3764,12,14
m_2826,13,16
m_123,15,19
m_907,14,16
m_3689,15,18
m_1329,14,17
m_839,14,16
m_1448,16,18
m_1236,8,8
m_2931,10,11
m_2887,14,20
m_1241,31,31
m_2537,31,32
m_552,27,27
m_2573,25,27
m_2952,18,22
m_826,32,32
m_3304,13,18
m_3489,9,9
m_1131,7,7
m_2437,16,18
m_2582,15,19
m_2594,7,7
m_2710,29,29
m_2344,10,15
m_3086,9,9
m_3890,32,32
m_766,30,30
m_3082,9,9
m_2283,28,29
m_2688,17,17
m_1768,20,21
m_2793,9,9
m_3037,30,30
m_2026,15,24
m_3162,16,21
m_1347,17,23
m_728,21,22
m_2473,3,3
m_2967,14,14
m_2840,11,11
m_3199,14,19
m_2705,10,19
m_928,11,16
m_1155,13,16
m_630,13,17
m_3550,30,30
m_3945,33,33
m_2289,14,17
m_3470,9,9
m_2472,18,19
m_1518,20,21
m_719,9,9
m_3391,29,29
m_2788,16,17
m_738,21,23
m_1202,27,27
m_189,2,5
m_2218,32,32
m_1112,12,14
m_2054,19,21
m_3526,11,12
m_848,15,18
m_229,31,32
m_227,16,16
m_1636,17,20
m_462,22,23
m_1234,14,18
m_2719,12,14
m_2416,23,23
m_3345,12,13
m_477,31,31
m_3156,11,11
m_1915,11,11
m_2577,17,24
m_60,18,19
m_1913,17,19
m_1686,8,8
m_3495,14,14
m_2321,28,28
m_3715,21,24
m_924,11,14
m_1371,16,16
m_496,14,17
m_3720,5,22
m_65,31,32
m_819,12,18
m_2389,20,20
m_1091,15,17
m_1080,32,32
m_2730,15,35
m_2424,16,18
m_39,20,22
m_3553,16,20
m_1912,8,8
m_1264,19,21
m_97,15,17
m_3419,13,17
m_1777,9,9
m_1037,32,32
m_3135,22,22
m_2914,9,9
m_398,18,21
m_3198,3,23
m_741,14,25
m_2849,30,30
m_3587,7,7
m_2202,15,17
m_1154,9,9
m_900,28,30
m_1712,12,12
m_2795,12,15
m_913,30,30
m_2670,11,11
m_1251,31,31
m_3556,9,12
m_2314,30,30
m_1588,19,19
m_883,15,17
m_2452,31,31
m_3096,8,9
m_3730,24,24
m_1780,16,20
m_2875,10,10
m_1991,14,17
m_861,13,19
m_2526,29,29
m_1409,30,30
m_968,21,23
m_3230,18,35
m_2888,12,16
m_2804,18,23
m_604,9,9
m_2691,30,30
m_1486,13,16
m_1566,31,31
m_2796,29,29
m_1843,13,19
m_2709,14,17
m_1111,9,9
m_1994,22,22
m_2484,20,21
m_693,9,9
m_1711,9,9
m_228,18,23
m_2960,17,17
m_929,8,8
m_585,8,8
m_612,12,14
m_2571,25,25
m_761,11,11
m_66,10,10
m_966,14,17
m_1542,14,23
m_3820,15,19
m_2962,11,14
m_319,7,8
m_2913,18,19
m_1059,19,22
m_2274,15,16
m_3403,16,21
m_1330,17,17
m_3621,8,8
m_1858,13,19
m_1905,12,12
m_999,4,23
m_3848,14,19
m_3178,15,16
m_510,15,17
m_3193,18,21
m_1453,10,10
m_2156,19,23
m_332,14,17
m_3085,14,24
m_3817,13,18
m_3116,14,16
m_2486,11,15
m_3153,15,18
m_1800,21,21
m_3571,29,29
m_3315,16,19
m_1867,19,23
m_3664,29,29
m_787,23,25
m_146,29,29
m_1431,10,13
m_1434,16,18
m_2824,14,19
m_2187,16,21
m_3416,15,15
m_3778,16,19
m_3105,19,20
m_51,16,18
m_896,21,23
m_293,9,9
m_1635,9,9
m_3686,11,14
m_173,19,22
m_1181,17,17
m_2205,30,30
m_533,34,34
m_114,11,13
m_25,7,7
m_1032,28,28
m_567,31,31
m_2490,24,24
m_14,12,14
m_188,15,19
m_3765,12,15
m_30,20,22
m_1839,13,17
m_116,27,27
m_1607,8,8
m_3484,11,11
m_445,16,21
m_2635,21,21
m_2595,9,9
m_739,31,32
m_3761,25,25
m_2268,16,20
m_2724,10,10
m_1625,13,16
m_3701,29,29
m_3283,24,24
m_2232,30,30
m_134,24,24
m_3249,12,18
m_2477,22,24
m_1196,17,18
m_1795,11,15
m_2468,27,27
m_520,14,17
m_2327,19,21
m_1177,15,17
m_1121,14,16
m_2855,9,9
m_2703,28,29
m_2903,16,25
m_2869,14,19
m_2201,4,12
m_4009,12,13
m_1874,25,25
m_991,9,9
m_3041,13,16
m_3958,14,23
m_696,19,19
m_2411,16,19
m_1974,11,11
m_245,15,15
m_3131,27,27
m_379,29,29
m_1555,31,31
m_2787,16,20
m_56,9,9
m_1015,13,18
m_2687,12,15
m_2583,16,20
m_3337,21,22
m_1253,13,26
m_2175,10,14
m_2408,30,30
m_1932,15,16
m_2142,15,16
m_1025,21,23
m_735,21,21
m_1256,9,9
m_2531,10,11
m_1799,27,28
m_1358,33,33
m_1957,15,17
m_1331,11,12
m_1187,33,33
m_3896,20,21
m_3400,15,17
m_177,14,17
m_3206,9,9
m_2741,12,14
m_1024,13,14
m_2549,15,24
m_1718,11,11
m_1073,13,22
m_1725,17,19
m_1065,33,33
m_888,18,19
m_1334,14,23
m_3962,9,9
m_506,23,23
m_3629,15,19
m_2834,10,13
m_2697,8,8
m_1922,17,17
m_260,1,1
m_3122,15,17
m_940,33,33
m_801,7,7
m_561,3,23
m_3655,18,18
m_1393,14,17
m_2617,19,21
m_2674,13,16
m_3328,31,31
m_397,13,14
m_3125,9,9
m_1854,22,24
m_869,28,28
m_402,15,16
m_2827,13,17
m_1618,2,2
m_3954,21,21
m_2830,12,16
m_2593,27,27
m_482,13,15
m_3877,8,10
m_2138,24,26
m_1609,22,22
m_2145,11,11
m_1550,31,31
m_2675,13,15
m_4031,30,30
m_648,13,15
m_3243,18,22
m_1950,20,22
m_1439,16,17
m_3431,16,17
m_3236,6,13
m_2565,13,15
m_3216,18,23
m_151,8,8
m_502,13,16
m_793,20,20
m_3034,10,10
m_1435,22,23
m_681,18,20
m_415,11,12
m_2941,17,21
m_2300,18,19
m_392,15,20
m_1170,17,21
m_2938,9,17
m_3251,8,8
m_828,29,29
m_367,16,22
m_2624,30,30
m_252,11,16
m_3024,17,20
m_821,10,10
m_2038,30,30
m_1828,32,32
m_3871,14,17
m_2397,30,30
m_568,14,19
m_745,29,29
m_2929,3,5
m_1413,17,17
m_366,4,12
m_1296,11,15
m_210,16,18
m_3485,13,16
m_875,17,18
m_588,32,32
m_2260,16,17
m_853,30,30
m_3996,13,15
m_1990,9,9
m_2034,15,17
m_2540,13,14
m_3346,14,18
m_3140,10,10
m_421,12,14
m_3265,18,19
m_3827,18,19
m_2608,11,13
m_813,10,10
m_1447,27,27
m_1984,15,19
m_3630,3,5
m_2398,15,18
m_2256,9,9
m_2077,12,16
m_1003,34,34
m_1754,13,19
m_301,9,9
m_1294,20,22
m_2379,33,33
m_1402,14,14
m_3481,16,16
m_297,11,14
m_1113,14,17
m_2856,21,22
m_1669,28,29
m_2161,8,8
m_2140,29,29
m_1850,33,33
m_1323,12,14
m_3542,21,22
m_2747,30,30
m_979,21,24
m_2230,13,16
m_40,10,10
m_3596,16,17
m_2784,4,4
m_2160,15,17
m_1632,30,30
m_927,8,8
m_675,10,11
m_1962,13,15
m_3018,15,23
m_790,21,22
m_1250,13,16
m_2426,18,18
m_2168,14,16
m_3245,29,29
m_3783,10,10
m_481,20,23
m_731,13,16
m_2151,10,16
m_3048,30,30
m_708,29,29
m_58,14,20
m_3061,31,31
m_2969,9,9
m_21,18,22
m_3920,27,27
m_2612,29,31
m_1020,14,15
m_2808,31,31
m_1363,14,16
m_1505,15,16
m_2966,14,16
m_8,12,18
m_871,28,28
m_73,16,20
m_3697,17,21
m_2102,10,10
m_2086,32,32
m_2939,12,20
m_3897,18,19
m_509,30,30
m_3978,15,22
m_2924,15,17
m_464,8,8
m_2542,16,19
m_399,15,18
m_1995,22,22
m_2853,28,28
m_3146,19,22
m_569,14,16
m_3833,20,24
m_1701,19,23
m_1119,21,23
m_1948,14,14
m_59,14,18
m_3299,17,36
m_1257,23,23
m_200,19,21
m_2554,14,18
m_1916,9,9
m_2619,18,23
m_2876,17,18
m_1252,20,21
m_3219,15,18
m_2039,16,21
m_2943,9,9
m_879,21,21
m_1815,14,16
m_1856,31,31
m_1803,10,13
m_2153,33,33
m_2335,10,10
m_107,11,11
m_2182,22,23
m_965,14,17
m_2720,13,15
m_395,26,28
m_707,10,10
m_1595,20,24
m_494,11,14
m_876,19,23
m_2211,13,22
m_2267,7,14
m_3613,27,27
m_1847,19,19
m_3805,22,23
m_2333,21,22
m_1370,15,24
m_501,11,18
m_2961,14,19
m_814,19,23
m_1694,20,23
m_3456,12,17
m_314,20,24
m_2076,13,14
m_2131,9,9
m_2742,25,25
m_2353,21,23
m_280,16,17
m_970,19,21
m_2401,19,23
m_2262,19,20
m_1722,9,9
m_2806,15,21
m_161,8,8
m_2727,16,23
m_2470,19,20
m_1007,13,16
m_2063,26,26
m_627,14,18
m_774,32,32
m_1570,15,17
m_1929,18,18
m_594,12,15
m_2096,29,30
m_756,21,22
m_3535,30,31
m_3670,11,11
m_840,29,29
m_2481,12,15
m_1965,11,14
m_2056,8,8
m_3242,12,12
m_3706,12,18
m_2357,20,20
m_2041,16,19
m_2179,21,24
m_2504,8,8
m_339,27,27
m_169,10,10
m_1081,18,20
m_2166,29,29
m_362,29,30
m_1610,11,16
m_3551,17,22
m_1648,10,12
m_2902,11,11
m_3709,21,23
m_2444,13,15
m_283,20,21
m_3477,21,22
m_3021,32,32
m_2550,10,10
m_1568,22,23
m_1273,9,9
m_118,32,32
m_2518,18,18
m_1716,15,19
m_4015,29,29
m_640,16,21
m_948,26,26
m_414,27,30
m_2986,9,9
m_3885,20,23
m_1117,9,11
m_3012,11,16
m_3194,12,15
m_156,8,8
m_3165,15,17
m_3482,20,23
m_574,16,21
m_1797,20,23
m_3370,10,10
m_2059,16,19
m_1696,14,15
m_2341,32,32
m_1762,10,10
m_393,20,23
m_3776,10,10
m_1557,16,20
m_10,22,23
m_1282,18,20
m_1438,31,31
m_2365,21,23
m_2733,9,9
m_3769,19,21
m_244,17,20
m_3111,14,16
m_898,31,31
m_1075,28,28
m_2528,17,22
m_2035,13,16
m_583,10,13
m_736,14,17
m_3318,12,14
m_2805,9,9
m_2217,21,23
m_2762,9,9
m_1028,30,30
m_3439,19,23
m_2351,4,12
m_1816,16,16
m_2912,29,29
m_947,18,21
m_3666,6,6
m_1266,17,22
m_1674,10,15
m_3103,15,18
m_350,10,14
m_2394,6,6
m_3473,17,18
m_706,15,21
m_3044,17,21
m_247,18,22
m_253,18,18
m_689,10,14
m_3278,28,28
m_3267,18,21
m_1997,11,16
m_1628,30,30
m_1824,32,32
m_287,8,10
m_3983,20,23
m_2819,13,16
m_1857,30,30
m_1144,19,24
m_3975,30,30
m_1714,13,16
m_3201,20,23
m_2862,25,25
m_603,13,22
m_2686,13,17
m_3950,21,21
m_467,10,10
m_3184,20,21
m_3179,28,28
m_1569,9,9
m_3093,11,21
m_910,7,7
m_1789,11,16
m_2199,29,29
m_2116,8,8
m_915,19,20
m_3147,11,11
m_917,9,9
m_2760,19,21
m_628,18,23
m_1737,31,31
m_2238,15,17
m_3170,8,8
m_409,15,15
m_3672,14,20
m_597,8,8
m_1983,9,9
m_2277,20,21
m_1748,20,20
m_256,33,33
m_2605,10,10
m_3729,20,23
m_4001,10,10
m_1818,12,15
m_2692,32,32
m_3633,13,17
m_1930,9,9
m_1630,10,10
m_3799,29,29
m_232,10,17
m_2402,14,18
m_825,8,8
m_2625,17,18
m_2541,18,21
m_820,32,32
m_1601,22,23
m_3365,17,18
m_3566,13,15
m_2538,10,15
m_376,29,29
m_1085,30,30
m_3462,34,34
m_79,20,20
m_3008,16,22
m_2754,19,23
m_2261,11,11
m_1305,16,20
m_4024,9,10
m_737,10,13
m_2685,15,18
m_3967,28,28
m_1219,12,12
m_2704,15,24
m_1549,11,14
m_503,13,16
m_3883,8,8
m_497,13,19
m_3846,14,21
m_1136,16,18
m_1115,9,9
m_1321,12,18
m_3270,22,23
m_1627,14,15
m_3611,8,8
m_1947,17,18
m_499,10,10
m_3029,30,30
m_720,18,23
m_138,18,23
m_3986,16,16
m_2581,27,27
m_2350,17,23
m_1313,10,10
m_2465,9,9
m_61,14,16
m_919,14,17
m_1771,14,14
m_168,12,15
m_3359,19,23
m_867,23,23
m_680,12,16
m_2309,22,22
m_3248,9,9
m_3541,15,17
m_3182,4,12
m_1367,14,14
m_2185,19,22
m_904,6,6
m_2134,29,29
m_459,17,24
m_1813,14,14
m_67,10,15
m_2297,11,14
m_309,16,18
m_3679,12,15
m_2553,18,22
m_2094,14,14
m_2415,15,17
m_3868,18,23
m_1095,16,18
m_2330,13,16
m_3856,13,16
m_1697,19,21
m_3285,13,19
m_3567,13,14
m_157,19,19
m_63,19,21
m_691,10,10
m_2529,12,21
m_1507,20,27
m_2918,8,8
m_3548,17,20
m_1658,25,26
m_1246,9,9
m_620,9,9
m_2258,19,22
m_1271,33,33
m_1733,10,23
m_3801,15,18
m_281,21,21
m_3502,18,20
m_2301,17,25
m_2485,13,15
m_1510,8,8
m_3143,12,20
m_1228,8,8
m_1892,9,9
m_419,14,17
m_3233,15,16
m_3211,21,21
m_1612,17,17
m_492,8,8
m_2033,18,23
m_2841,15,15
m_576,16,19
m_3316,21,21
m_2810,9,9
m_2074,16,23
m_589,15,17
m_3298,17,19
m_2092,30,31
m_236,10,11
m_3636,17,19
m_3235,10,10
m_1280,20,23
m_2307,14,17
m_1233,12,14
m_1405,27,27
m_3038,12,16
m_1230,16,20
m_1285,15,21
m_3418,14,20
m_1966,11,14
m_3875,19,19
m_3785,22,24
m_3938,30,30
m_3259,17,18
m_1679,28,28
m_659,18,19
m_580,19,24
m_1133,15,20
m_3917,28,28
m_1806,15,15
m_943,19,20
m_824,19,20
m_34,15,19
m_390,8,9
m_833,10,10
m_94,12,14
m_3443,19,20
m_2963,19,22
m_3935,17,20
m_3064,18,18
m_850,19,20
m_216,15,20
m_1301,17,17
m_2127,22,23
m_3889,25,25
m_3572,14,17
m_2994,11,13
m_2088,23,24
m_2007,12,14
m_3027,14,16
m_3271,11,11
m_3866,30,30
m_602,17,18
m_2312,12,16
m_3196,9,9
m_1827,11,13
m_20,20,22
m_897,19,23
m_1442,13,16
m_2671,19,19
m_3682,7,7
m_3530,13,15
m_2502,8,8
m_2112,9,9
m_3552,9,9
m_1027,12,14
m_3274,10,10
m_1426,25,25
m_995,20,20
m_3744,10,12
m_2883,11,12
m_528,16,18
m_2259,10,10
m_578,21,23
m_3253,10,10
m_2219,19,23
m_1552,10,23
m_1445,8,8
m_536,14,17
m_3317,13,15
m_3746,18,18
m_1248,12,12
m_3745,10,10
m_2378,6,6
m_3678,15,17
m_1659,18,23
m_1066,8,8
m_3429,13,16
m_3075,18,18
m_2896,9,13
m_3751,14,15
m_3142,11,11
m_3467,34,34
m_2899,30,30
m_1732,17,19
m_2656,10,10
m_3593,13,14
m_1970,32,32
m_2974,18,20
m_2866,9,10
m_3750,15,25
m_1807,25,25
m_456,20,21
m_2100,20,21
m_2210,17,21
m_1943,16,30
m_1893,22,24
m_3758,4,5
m_1292,14,16
m_3639,30,30
m_132,7,12
m_1695,27,27
m_2515,12,16
m_1573,17,19
m_2871,13,15
m_2597,11,16
m_2183,14,16
m_3692,34,34
m_77,14,17
m_2239,11,15
m_1719,22,22
m_85,9,11
m_446,9,9
m_288,14,17
m_2332,19,23
m_1742,18,23
m_1188,14,14
m_2794,10,10
m_2496,10,15
m_3068,16,16
m_1395,8,8
m_4034,13,21
m_709,9,9
m_621,19,23
m_3594,14,16
m_2838,31,31
m_2325,27,27
m_2006,21,22
m_1528,30,30
m_2046,14,17
m_478,17,21
m_408,8,8
m_3468,9,9
m_3793,11,13
m_2126,11,18
m_1030,24,25
m_317,8,8
m_1247,17,19
m_1581,20,23
m_2213,12,12
m_3845,9,11
m_1398,9,15
m_3544,4,5
m_1083,12,16
m_3362,10,10
m_42,15,15
m_54,17,18
m_2633,15,21
m_3879,13,14
m_974,9,9
m_1166,16,18
m_3410,11,14
m_3003,8,8
m_3576,15,18
m_391,20,21
m_1307,12,16
m_714,26,26
m_852,15,20
m_3942,17,19
m_989,18,20
m_3922,13,16
m_1498,30,30
m_2043,10,10
m_658,13,16
m_806,29,29
m_796,17,22
m_2701,14,17
m_1242,12,15
m_2051,17,20
m_2395,13,15
m_1684,10,10
m_2208,30,30
m_2255,14,16
m_1145,11,13
m_2298,15,17
m_838,15,17
m_642,18,19
m_1198,32,32
m_2743,10,12
m_3826,14,16
m_1898,20,23
m_3721,11,12
m_866,12,13
m_1825,8,8
m_2807,18,23
m_2078,8,8
m_4023,9,15
m_1830,20,23
m_1056,21,24
m_2885,26,26
m_3091,19,21
m_1781,10,10
m_1339,11,12
m_3223,13,19
m_3767,13,16
m_1209,9,9
m_86,32,32
m_2915,18,20
m_2714,19,20
m_546,22,24
m_3990,12,17
m_3030,14,22
m_2294,12,16
m_2011,8,8
m_2272,30,30
m_3386,19,19
m_717,9,9
m_3176,12,15
m_1689,30,30
m_1883,17,20
m_3933,22,23
m_125,9,12
m_2000,15,18
m_2044,27,27
m_3691,19,22
m_791,12,14
m_2015,10,10
m_3716,18,25
m_1356,15,15
m_634,25,25
m_2420,10,12
m_3646,29,29
m_3522,9,9
m_3663,15,16
m_3397,31,31
m_2957,28,28
m_3946,14,16
m_3013,16,16
m_3517,7,7
m_1254,7,7
m_3573,4,12
m_1920,16,18
m_1338,9,9
m_294,20,23
m_2215,19,20
m_1770,9,9
m_3073,11,15
m_3405,12,17
m_135,32,32
m_3754,7,7
m_633,9,10
m_203,12,19
m_422,9,13
m_3480,15,17
m_2355,28,28
m_2828,14,18
m_2478,18,20
m_1462,22,22
m_1212,13,15
m_870,30,30
m_396,14,15
m_3554,9,9
m_2859,13,17
m_2417,11,12
m_194,10,10
m_3119,15,15
m_2471,16,17
m_3807,14,17
m_2545,15,16
m_3707,14,18
m_3555,10,14
m_4021,8,8
m_1457,16,16
m_571,8,8
m_649,11,14
m_3976,8,8
m_1238,11,14
m_3488,8,8
m_3582,13,16
m_3770,20,20
m_2644,7,7
m_474,10,10
m_3734,8,8
m_2317,21,23
m_2012,8,8
m_2170,14,18
m_2615,17,17
m_1593,20,22
m_3953,17,23
m_3991,20,23
m_2908,13,20
m_674,20,20
m_1515,12,16
m_1009,19,19
m_3521,21,23
m_183,8,8
m_2523,29,29
m_2454,20,22
m_1466,31,31
m_2926,13,16
m_2879,18,23
m_2336,8,8
m_2028,14,18
m_1641,32,32
m_531,17,19
m_2798,18,21
m_3246,9,9
m_1063,9,11
m_3724,16,18
m_2672,22,23
m_2447,14,15
m_2164,18,18
m_534,9,13
m_1527,15,17
m_1200,16,17
m_725,18,20
m_3581,30,30
m_3627,20,23
m_2737,16,18
m_2680,14,18
m_2588,10,14
m_233,20,23
m_3036,15,17
m_2025,12,12
m_3797,12,16
m_349,10,16
m_246,17,17
m_2004,9,9
m_2200,9,9
m_771,26,26
m_1745,14,16
m_3527,17,21
m_1008,10,14
m_2414,12,16
m_3570,13,22
m_3855,20,23
m_873,10,10
m_1225,7,7
m_35,20,20
m_3001,8,9
m_2816,30,30
m_2430,16,16
m_1604,18,22
m_3694,29,29
m_1687,4,23
m_1147,10,10
m_171,9,13
m_2580,7,7
m_946,9,9
m_3209,20,23
m_3921,30,30
m_1834,9,9
m_1538,9,9
m_1172,12,14
m_4007,17,20
m_7,20,20
m_3244,18,20
m_551,15,20
m_3837,18,20
m_1884,25,25
m_187,20,23
m_3287,14,15
m_560,9,9
m_2119,11,15
m_1941,12,15
m_2121,14,17
m_1451,13,14
m_1265,12,15
m_3210,15,23
m_526,15,20
m_1939,19,22
m_2461,12,19
m_3832,5,13
m_2611,16,26
m_632,11,14
m_1681,33,33
m_511,22,24
m_3471,10,13
m_1638,12,16
m_2302,18,21
m_1861,10,10
m_3009,12,13
m_712,7,7
m_2970,9,13
m_1278,18,21
m_120,20,23
m_2533,12,18
m_1906,17,18
m_1810,15,16
m_566,8,9
m_2380,18,18
m_315,11,11
m_2053,12,17
m_1756,13,17
m_1562,10,10
m_2029,18,19
m_3190,22,23
m_2510,16,19
m_1680,12,13
m_2433,19,21
m_4004,16,19
m_1876,16,19
m_1730,15,17
m_1493,15,16
m_428,18,21
m_3955,8,8
m_3294,13,18
m_1204,9,9
m_2802,19,23
m_2296,18,18
m_3191,9,9
m_2731,15,25
m_1217,18,18
m_2281,9,10
m_3022,23,24
m_1394,1,1
m_1377,8,8
m_3798,12,16
m_3948,28,28
m_1649,28,28
m_1,10,10
m_702,9,9
m_3322,7,7
m_3326,19,19
m_992,29,29
m_170,12,15
m_1391,12,14
m_2120,11,18
m_922,13,16
m_931,21,23
m_3234,21,23
m_2851,8,8
m_1026,12,15
m_4017,16,23
m_522,11,20
m_1109,26,26
m_1580,20,23
m_137,14,17
m_433,11,14
m_1318,11,15
m_2648,15,22
m_3583,26,26
m_1082,11,14
m_2628,16,26
m_3523,10,10
m_1185,26,26
m_2558,8,8
m_4032,10,10
m_1041,27,27
m_26,11,13
m_2018,18,18
m_3722,15,21
m_2857,17,19
m_614,8,10
m_639,23,23
m_1108,9,9
m_1210,15,17
m_3606,13,15
m_3247,26,26
m_3163,14,16
m_2105,15,17
m_1904,11,15
m_3127,18,18
m_3981,12,15
m_3100,14,17
m_2456,15,19
m_1208,29,30
m_3518,11,11
m_2032,10,10
m_1124,12,16
m_577,17,17
m_1794,23,25
m_2638,21,23
m_1067,21,23
m_1533,17,20
m_2005,13,13
m_3569,17,19
m_3228,15,16
m_3104,7,8
m_3437,15,16
m_1989,9,13
m_1640,10,11
m_3081,11,11
m_1826,16,19
m_321,15,17
m_1720,12,13
m_3881,22,23
m_1140,7,7
m_3710,18,23
m_2803,10,10
m_1936,14,17
m_498,29,29
m_3491,10,14
m_2052,16,18
m_290,15,18
m_2279,17,23
m_1420,11,14
m_3376,29,29
m_3796,19,21
m_2144,9,9
m_2047,15,18
m_1412,14,18
m_3923,12,15
m_2566,8,8
m_3910,11,15
m_1911,19,19
m_430,14,22
m_3812,13,15
m_4006,10,10
m_3226,22,23
m_2822,33,33
m_1529,9,9
m_1029,21,23
m_1671,15,18
m_854,12,15
m_1801,14,14
m_262,10,10
m_911,9,9
m_1572,10,11
m_3063,13,17
m_676,14,16
m_3601,16,22
m_874,33,33
m_1615,8,8
m_495,12,14
m_2753,14,16
m_124,14,15
m_3964,7,7
m_1186,11,11
m_3703,22,23
m_3327,23,23
m_2173,8,8
m_1875,8,10
m_1840,10,14
m_1327,11,17
m_300,19,23
m_110,31,31
m_2129,20,22
m_455,11,14
m_3053,17,17
m_1012,9,9
m_596,10,10
m_50,18,23
m_2679,18,20
m_608,31,31
m_892,19,19
m_1500,13,29
m_1508,19,22
m_764,17,19
m_29,10,16
m_2881,28,28
m_3137,18,21
m_1283,10,11
m_153,7,8
m_1180,16,17
m_1471,16,18
m_1396,20,20
m_3076,12,13
m_28,18,20
m_2017,8,8
m_599,27,27
m_259,9,10
m_1308,18,23
m_2316,11,17
m_1189,25,25
m_3878,24,24
m_276,16,19
m_4,14,19
m_2833,10,10
m_2068,9,9
m_1512,13,20
m_1890,16,16
m_3107,16,18
m_976,27,27
m_564,16,20
m_3006,7,7
m_686,29,30
m_2192,19,21
m_759,8,11
m_508,11,14
m_3532,8,13
m_1845,9,9
m_447,17,17
m_1907,15,18
m_1128,14,17
m_2979,10,11
m_3458,31,31
m_2909,6,6
m_2587,8,8
m_600,9,9
m_1525,29,30
m_13,11,14
m_2436,10,10
m_3388,11,13
m_3836,18,22
m_2482,11,13
m_3969,13,15
m_493,14,18
m_2137,12,16
m_2900,18,18
m_1472,11,18
m_1783,15,15
m_2174,13,15
m_654,16,19
m_2732,17,19
m_2040,8,8
m_2604,10,10
m_1548,26,26
m_2512,30,30
m_1352,14,22
m_3731,13,19
m_1653,10,10
m_1872,17,20
m_213,13,19
m_827,17,23
m_3033,20,25
m_3312,17,20
m_3313,10,10
m_1090,9,9
m_1017,15,25
m_1517,16,16
m_3992,19,23
m_1079,10,10
m_2438,8,8
m_3311,9,9
m_3071,9,9
m_3956,14,14
m_2422,15,15
m_1077,10,10
m_3083,17,22
m_372,14,14
m_2693,17,19
m_865,17,22
m_547,32,32
m_3795,9,9
m_3623,30,30
m_3106,32,32
m_1171,13,14
m_3997,15,17
m_2149,13,15
m_2244,15,16
m_3290,16,20
m_215,15,17
m_3123,17,19
m_1042,15,15
m_767,29,29
m_573,18,23
m_1381,15,16
m_444,31,32
m_2276,31,31
m_3239,13,17
m_1537,19,23
m_3614,8,8
m_3394,9,9
m_1258,12,12
m_1792,8,8
m_1598,30,30
m_1567,14,14
m_1631,11,12
m_472,16,19
m_3115,14,18
m_335,14,14
m_3213,29,29
m_4010,9,9
m_1061,15,24
m_3407,12,13
m_195,11,11
m_2049,11,15
m_331,12,15
m_3428,15,18
m_823,17,19
m_115,7,7
m_1497,17,28
m_3512,10,13
m_1676,18,19
m_440,22,22
m_108,8,8
m_3217,10,10
m_2057,7,7
m_3308,14,22
m_387,19,19
m_1424,10,10
m_2616,8,8
m_1715,15,23
m_1586,14,16
m_3154,31,31
m_3450,17,22
m_1547,13,17
m_1156,10,10
m_1375,14,15
m_2125,19,20
m_2667,15,18
m_1306,9,9
m_742,13,15
m_3020,16,17
m_3420,9,9
m_2104,8,9
m_1837,22,22
m_2001,16,18
m_298,19,22
m_3888,12,17
m_1670,16,16
m_2829,17,17
m_3385,19,22
m_1465,13,19
m_716,16,20
m_3389,29,29
m_1060,15,16
m_1838,13,17
m_559,15,17
m_2996,29,29
m_773,8,8
m_2657,12,16
m_3203,8,12
m_2653,14,19
m_3208,20,23
m_105,6,6
m_96,11,17
m_1106,11,13
m_1901,12,14
m_3609,8,8
m_3094,8,12
m_535,31,31
m_1047,10,10
m_1110,21,23
m_3714,14,16
m_579,9,9
m_2036,21,23
m_3305,18,20
m_1503,32,32
m_3911,17,19
m_191,8,8
m_3175,31,31
m_69,18,22
m_2677,13,17
m_3993,14,16
m_1192,30,30
m_2878,7,12
m_1096,9,9
m_2639,8,8
m_284,32,32
m_3810,16,18
m_3893,17,19
m_832,32,32
m_3092,32,32
m_2981,19,20
m_2291,19,22
m_1575,14,19
m_3181,13,16
m_993,15,16
m_1946,9,9
m_2618,9,9
m_783,17,19
m_1312,9,9
m_1169,13,16
m_1490,10,10
m_3740,8,8
m_180,13,16
m_3843,22,23
m_2236,16,19
m_3145,31,31
m_3538,10,10
m_3822,32,32
m_3735,13,19
m_346,7,15
m_1365,10,14
m_160,15,17
m_3411,10,10
m_743,29,29
m_933,15,18
m_218,8,8
m_1190,10,12
m_2631,21,21
m_3357,6,6
m_1685,19,22
m_3607,16,17
m_1662,9,9
m_3074,14,16
m_2141,8,8
m_2873,4,12
m_760,17,17
m_3004,17,19
m_237,32,32
m_1543,9,9
m_3973,8,8
m_2150,16,19
m_549,27,27
m_2884,7,7
m_1556,13,14
m_2707,12,16
m_2097,15,24
m_217,12,15
m_1713,9,9
m_2113,9,13
m_2299,19,19
m_3286,15,17
m_3120,9,9
m_997,32,32
m_2265,11,11
m_606,13,17
m_424,15,18
m_3279,17,20
m_2118,14,14
m_2890,11,11
m_1407,15,16
m_2198,29,29
m_3934,18,19
m_1455,10,12
m_1942,19,24
m_1540,14,16
m_730,18,22
m_1666,18,22
m_3865,8,10
m_32,16,20
m_1158,32,32
m_1881,30,30
m_2660,9,9
m_1704,9,9
m_2557,13,14
m_3667,9,9
m_2613,12,18
m_2923,4,22
m_2459,16,18
m_1183,8,8
m_3688,22,23
m_3164,21,23
m_770,32,32
m_144,8,8
m_3040,13,13
m_2487,14,16
m_3188,30,30
m_345,22,24
m_9,14,14
m_752,30,30
m_2775,11,14
m_1227,18,20
m_1761,18,18
m_1702,8,15
m_3747,10,16
m_1016,18,19
m_3867,9,9
m_3725,14,16
m_2498,15,16
m_3352,9,13
m_1468,10,14
m_3738,14,17
m_670,17,18
m_1345,16,19
m_2621,9,9
m_277,9,9
m_3788,15,15
m_2643,32,32
m_668,11,13
m_3288,9,9
m_2516,12,17
m_275,15,17
m_405,9,9
m_341,16,20
m_2435,16,17
m_3984,15,17
m_2578,20,23
m_2629,20,20
m_102,20,21
m_1526,19,23
m_1416,17,27
m_1203,30,30
m_4005,12,16
m_1303,9,9
m_1418,12,15
m_1539,13,18
m_3281,15,20
m_3534,14,17
m_3792,13,16
m_1392,10,14
m_2818,9,12
m_3780,12,18
m_1480,9,9
m_1224,8,8
m_1103,15,18
m_457,16,17
m_3014,11,11
m_2323,9,15
m_224,8,8
m_3501,20,23
m_2188,18,18
m_2800,12,16
m_308,9,9
m_485,21,21
m_2359,15,19
m_3737,21,23
m_304,8,8
m_128,11,14
m_615,33,33
m_877,9,9
m_3536,16,17
m_1782,10,14
m_1812,9,12
m_3087,13,17
m_1665,10,13
m_1194,21,21
m_818,12,14
m_71,14,17
m_3575,5,14
m_1427,16,20
m_978,4,4
m_1470,8,8
m_95,12,14
m_83,12,13
m_1492,22,22
m_3292,9,9
m_692,10,17
m_3049,13,16
m_672,13,16
m_3882,14,17
m_487,16,24
m_903,12,19
m_3649,10,10
m_1521,11,17
m_3195,7,7
m_3808,9,9
m_1752,8,11
m_3599,8,8
m_3828,8,8
m_1976,9,9
m_3912,13,14
m_1046,17,17
m_2750,11,11
m_1084,10,10
m_269,10,10
m_2497,16,18
m_817,15,16
m_2715,9,13
m_2184,10,10
m_2933,9,14
m_3999,10,15
m_1831,31,31
m_1168,20,23
m_1836,15,20
m_2609,18,18
m_1823,17,17
m_1449,9,9
m_2511,10,10
m_4011,10,10
m_1693,18,19
m_2396,14,20
m_2491,13,13
m_2393,9,9
m_3272,25,25
m_1647,15,16
m_2278,11,14
m_3732,9,13
m_2209,6,7
m_2310,13,17
m_1229,8,8
m_2403,12,19
m_3781,14,17
m_3025,14,17
m_2772,14,14
m_413,16,16
m_987,10,14
m_436,11,11
m_2948,15,20
m_921,8,8
m_2081,31,31
m_2079,10,10
m_637,8,8
m_2206,15,16
m_1673,4,12
m_1699,14,18
m_2241,11,11
m_1000,16,18
m_2122,10,13
m_2133,8,8
m_3088,20,23
m_1585,15,15
m_847,15,17
m_3264,18,20
m_3089,10,10
m_697,14,17
m_1499,12,14
m_3424,16,19
m_122,9,9
m_3675,9,9
m_3690,14,17
m_2263,5,5
m_279,8,8
m_3314,11,16
m_667,16,18
m_3330,14,17
m_99,13,16
m_755,9,9
m_354,13,15
m_2870,19,23
m_538,9,9
m_3192,9,10
m_1014,14,16
m_206,8,8
m_3850,23,24
m_33,9,9
m_2761,10,10
m_930,8,11
m_3753,12,12
m_3899,22,23
m_2091,9,9
m_3511,16,25
m_425,13,18
m_2383,7,7
m_1299,9,9
m_984,9,11
m_1429,18,21
m_884,10,12
m_3114,9,9
m_3615,14,20
m_3280,11,15
m_1614,10,11
m_358,18,18
m_1018,12,19
m_2999,18,22
m_483,8,8
m_2367,21,23
m_3874,9,9
m_2221,14,19
m_2534,18,18
m_207,16,17
m_543,8,8
m_684,28,29
m_3650,13,18
m_1162,15,16
m_1709,8,14
m_1605,5,5
m_1584,7,7
m_657,25,25
m_2977,9,9
m_890,16,19
m_3222,22,24
m_1633,14,14
m_1809,10,10
m_2744,8,14
m_1938,8,8
m_3321,14,16
m_1820,9,16
m_1485,14,16
m_2231,10,14
m_1873,13,14
m_2375,10,10
m_340,9,9
m_2598,7,11
m_2266,15,19
m_1532,10,10
m_2774,10,10
m_3718,28,28
m_2965,13,15
m_416,17,20
m_936,28,28
m_1578,20,21
m_289,15,17
m_2288,12,13
m_2306,16,16
m_1368,16,22
m_2366,3,5
m_3155,9,9
m_973,17,18
m_130,14,14
m_205,28,28
m_726,10,11
m_1143,7,7
m_682,7,7
m_2020,13,15
m_1866,9,9
m_2801,18,18
m_463,28,28
m_1571,9,9
m_1379,21,21
m_292,10,10
m_3141,16,18
m_2641,20,22
m_816,9,9
m_643,9,9
m_1848,8,8
m_3214,17,17
m_1336,22,23
m_3508,16,17
m_1914,7,7
m_2620,13,17
m_3059,13,13
m_1623,15,16
m_1909,15,17
m_3492,8,9
m_2115,17,19
m_2347,21,24
m_3160,30,30
m_1760,4,4
m_90,22,23
m_1723,12,16
m_3254,18,19
m_857,9,9
m_2377,10,10
m_355,10,11
m_1877,20,20
m_4027,10,10
m_1351,4,4
m_2546,14,19
m_3110,15,19
m_3926,7,7
m_119,8,8
m_1160,18,22
m_3960,32,33
m_3255,16,20
m_953,12,12
m_2458,16,16
m_3612,9,10
m_3232,11,16
m_2013,26,26
m_255,13,16
m_2463,8,14
m_142,13,15
m_3374,15,15
m_3275,9,13
m_3364,17,21
m_3723,3,4
m_2016,10,10
m_2466,9,9
m_2381,19,22
m_666,15,15
m_2920,20,23
m_2942,9,9
m_3434,8,8
m_1366,8,8
m_2844,8,8
m_458,20,22
m_2434,11,12
m_3371,15,17
m_768,30,30
m_1262,11,12
m_1097,11,13
m_2008,19,22
m_1558,22,24
m_3300,17,19
m_1996,11,16
m_1937,7,7
m_1211,15,20
m_2431,12,16
m_2103,15,17
m_2891,8,8
m_1677,12,14
m_836,14,16
m_1182,9,9
m_3804,9,9
m_3624,32,32
m_1624,9,9
m_212,13,13
m_338,17,17
m_1150,8,8
m_1478,10,13
m_1608,8,8
m_451,30,30
m_1239,9,9
m_92,9,9
m_1784,10,14
m_902,9,9
m_593,13,15
m_1591,17,21
m_2101,10,14
m_1373,11,14
m_3537,9,9
m_2159,16,18
m_3054,9,9
m_1736,9,9
m_461,10,10
m_113,19,20
m_2958,7,11
m_3858,11,14
m_4022,10,10
m_562,7,7
m_514,10,10
m_1602,15,18
m_3016,8,9
m_3925,9,9
m_3490,15,15
m_3872,8,8
m_3970,12,12
m_3749,18,21
m_2998,11,11
m_1971,1,2
m_3772,18,23
m_1859,20,21
m_2630,9,9
m_687,14,18
m_3409,9,9
m_2568,25,25
m_598,9,9
m_2632,10,10
m_3057,10,11
m_912,30,30
m_1835,13,17
m_3676,16,16
m_2681,15,19
m_517,19,20
m_785,10,10
m_699,21,24
m_1376,10,10
m_1013,9,12
m_3620,15,18
m_2117,8,8
m_432,1,2
m_846,20,23
m_3600,18,18
m_1530,7,12
m_2352,10,17
m_3662,2,5
m_1206,15,15
m_2711,11,16
m_2167,9,9
m_3043,16,19
m_1793,14,16
m_3979,21,23
m_1979,14,17
m_1474,10,14
m_1763,9,9
m_2136,15,18
m_3159,11,11
m_52,7,7
m_1353,14,17
m_2249,15,15
m_3610,9,9
m_373,20,20
m_238,14,17
m_2494,16,24
m_3580,8,8
m_2700,10,13
m_3258,16,22
m_3343,32,32
m_797,7,12
m_2973,8,8
m_951,14,19
m_663,8,8
m_1433,16,18
m_1157,8,8
m_121,9,9
m_1450,11,14
m_530,15,16
m_3748,10,13
m_3974,16,20
m_2451,14,14
m_1944,14,16
m_3839,7,7
m_1880,9,9
m_2372,8,8
m_1319,20,20
m_909,29,29
m_2037,16,18
m_2712,10,11
m_1043,12,23
m_2836,21,24
m_1152,4,4
m_3257,10,10
m_381,9,9
m_3757,14,14
m_285,7,7
m_101,23,23
m_1791,28,28
m_1477,9,10
m_885,10,10
m_2155,10,10
m_3900,9,10
m_963,14,16
m_49,16,24
m_465,13,16
m_1100,16,22
m_2322,16,23
m_2207,19,19
m_3444,14,15
m_2214,10,14
m_1620,24,24
m_3743,9,9
m_1973,12,12
m_2785,8,8
m_234,17,22
m_208,6,14
m_1582,11,11
m_1522,17,22
m_2083,9,9
m_2592,18,18
m_2745,10,11
m_1129,7,7
m_3129,9,10
m_1397,8,8
m_70,19,19
m_2099,10,14
m_2157,30,31
m_1769,3,4
m_147,4,4
m_1105,8,8
m_272,9,9
m_3099,3,4
m_3711,15,20
m_3588,12,15
m_1387,9,9
m_863,18,21
m_698,14,17
m_3335,12,12
m_2475,11,11
m_1923,15,18
m_1690,4,4
m_3078,12,12
m_2842,22,22
m_3306,8,11
m_2108,15,18
m_1811,30,30
m_3708,18,19
m_172,9,9
m_3144,8,8
m_412,13,16
m_3957,10,13
m_1355,11,12
m_1422,9,9
m_1350,9,12
m_671,9,9
m_1489,29,29
m_1383,17,21
m_732,9,9
m_3026,11,14
m_1757,8,8
m_2991,22,22
m_3469,18,20
m_2736,6,6
m_1054,14,15
m_803,17,22
m_830,9,9
m_3742,10,10
m_1071,8,9
m_2080,14,19
m_3919,11,16
m_3369,4,4
m_2023,13,16
m_1822,14,17
m_3503,25,25
m_322,16,21
m_2562,14,18
m_1070,8,8
m_3813,11,12
m_1481,9,9
m_2649,9,9
m_2148,8,8
m_788,11,15
m_1002,12,16
m_2893,16,19
m_2695,12,13
m_2500,11,12
m_2815,13,14
m_193,9,9
m_1372,10,10
m_1039,8,8
m_3387,9,9
m_3929,11,11
m_2450,8,8
m_1324,9,9
m_1463,9,13
m_1034,3,3
m_3980,14,19
m_1454,16,24
m_359,15,18
m_454,10,10
m_1889,14,14
m_1494,15,18
m_3644,10,12
m_777,8,8
m_3,23,23
m_1621,17,23
m_365,18,21
m_1535,15,17
m_74,18,20
m_1126,29,29
m_1634,13,16
m_386,12,12
m_3909,10,10
m_3604,10,17
m_178,20,24
m_2706,9,9
m_3010,13,14
m_950,11,14
m_3150,12,14
m_2911,8,8
m_2406,12,12
m_31,14,16
m_3823,13,14
m_723,9,9
m_2698,19,20
m_3586,10,10
m_3017,12,12
m_3351,11,14
m_1524,17,17
m_810,11,11
m_3637,12,15
m_1469,10,11
m_3007,8,8
m_2917,13,19
m_3829,8,8
m_763,31,31
m_258,15,15
m_513,8,8
m_3174,9,9
m_3415,10,12
m_1226,8,10
m_1244,9,9
m_1759,9,9
m_431,10,10
m_623,8,8
m_3559,17,17
m_2678,13,17
m_1895,8,13
m_1765,15,20
m_880,7,7
m_3080,9,9
m_925,9,9
m_3422,11,14
m_954,17,17
m_3847,7,7
m_3648,10,14
m_2234,15,19
m_957,8,8
m_1664,13,16
m_3814,15,20
m_2791,10,10
m_2584,7,7
m_222,10,11
m_3167,10,10
m_864,10,10
m_2734,10,14
m_3296,3,3
m_400,9,9
m_1982,9,9
m_3651,8,8
m_3589,12,13
m_2391,11,11
m_3375,9,9
m_553,10,10
m_1560,17,19
m_17,6,6
m_3325,9,9
m_2882,9,9
m_2284,10,10
m_2499,27,27
m_363,9,9
m_3579,13,16
m_2586,17,17
m_1592,9,10
m_1869,15,18
m_1846,9,12
m_2273,12,15
m_1886,9,9
m_4002,9,11
m_1531,10,10
m_2203,11,14
m_104,11,12
m_1853,30,30
m_302,9,9
m_2313,8,8
m_184,10,10
m_3653,11,12
m_1099,16,22
m_3414,8,8
m_617,5,6
m_3263,9,10
m_299,9,9
m_3406,19,21
m_1260,12,15
m_3158,9,9
m_2756,13,16
m_1924,15,25
m_2460,3,4
m_3864,10,10
m_914,10,10
m_3442,10,14
m_4020,15,25
m_3229,5,6
m_3138,16,19
m_3269,8,8
m_407,9,9
m_710,16,18
m_1667,16,22
m_3478,9,9
m_1479,7,7
m_1149,8,8
m_3824,15,16
m_2757,11,14
m_2997,3,3
m_3931,10,10
m_3777,10,13
m_2831,8,8
m_278,22,24
m_3819,6,6
m_1487,2,2
m_2373,12,16
m_185,8,8
m_1967,9,10
m_2410,18,21
m_2764,16,17
m_305,9,9
m_1062,21,21
m_2024,10,10
m_1894,11,11
m_891,9,13
m_1123,2,2
m_1173,11,11
m_990,8,8
m_18,15,19
m_1849,12,12
m_3023,10,10
m_1926,9,9
m_1985,9,9
m_2237,12,13
m_3564,13,17
m_1153,8,12
m_3464,18,19
m_226,9,9
m_1981,15,18
m_1587,13,18
m_1359,10,10
m_3844,11,13
m_3771,13,16
m_2222,9,9
m_1179,8,10
m_1045,8,8
m_2480,8,8
m_3545,7,7
m_4029,9,9
m_3906,9,13
m_27,15,17
m_3684,9,11
m_2659,9,9
m_2522,21,23
m_385,8,8
m_901,23,23
m_3704,11,18
m_575,8,10
m_1796,13,15
m_1146,8,12
m_336,9,9
m_2326,9,9
m_1284,17,23
m_1833,10,10
m_80,33,33
m_1031,14,16
m_1675,13,19
m_934,17,21
m_3067,8,8
m_2439,9,9
m_197,9,9
m_2374,10,14
m_3113,8,8
m_3066,14,19
m_746,14,16
m_3540,8,8
m_2469,4,5
m_2682,9,11
m_3695,14,19
m_2264,17,22
m_3584,11,11
m_2783,10,10
m_1274,8,9
m_2229,11,11
m_87,8,8
m_306,8,8
m_1101,10,10
m_1460,8,8
m_2773,10,10
m_214,10,10
m_2983,13,15
m_47,19,23
m_1195,14,17
m_1774,13,15
m_2910,8,8
m_3084,17,19
m_3134,5,5
m_2792,9,9
m_3915,3,4
m_1428,11,11
m_401,21,21
m_2457,13,14
m_3966,10,11
m_2543,3,3
m_2139,9,9
m_2905,18,20
m_815,7,10
m_3002,9,9
m_1933,11,11
m_1749,11,13
m_516,7,7
m_938,9,9
m_3936,11,14
m_84,12,14
m_611,13,14
m_1683,18,19
m_1652,9,9
m_3339,10,10
m_3432,9,9
m_3994,11,11
m_2087,7,7
m_198,9,9
m_2723,9,9
m_383,9,9
m_3818,13,13
m_3358,13,19
m_3563,5,5
m_1049,11,11
m_751,8,9
m_2,8,8
m_2551,6,8
m_2936,20,20
m_1735,13,15
m_3282,9,9
m_2655,9,9
m_2075,12,13
m_3641,11,13
m_2778,8,8
m_3830,11,11
m_636,9,9
m_82,13,15
m_2295,5,6
m_219,11,11
m_1841,12,16
m_3118,9,9
m_2860,15,17
m_2318,3,3
m_45,1,2
m_1320,8,8
m_2483,9,9
m_1304,9,9
m_2770,9,9
m_1565,11,11
m_1727,6,6
m_2989,7,7
m_2328,8,8
m_2376,16,17
m_1682,8,8
m_1516,7,7
m_2663,9,9
m_2865,10,10
m_586,10,10
m_2493,12,12
m_2002,10,10
m_3928,9,9
m_235,5,5
m_2339,1,1
m_3452,9,9
m_1298,11,12
m_2009,10,10
m_1743,7,7
m_351,9,9
m_3905,1,1
m_3101,8,8
m_996,9,9
m_1655,19,19
m_225,13,15
m_587,6,6
m_3907,11,14
m_3451,9,9
m_3756,9,9
m_1098,12,13
m_2877,8,8
m_3487,8,8
m_2050,10,10
m_905,8,8
m_2585,6,6
m_518,7,7
m_2569,10,10
m_4008,14,14
m_3035,8,8
m_286,3,3
m_3841,4,4
m_2576,9,10
m_1919,9,9
m_3937,9,9
m_3324,9,11
m_1222,9,9
m_1035,10,10
m_190,10,12
m_1068,8,8
m_140,7,7
m_6,9,9
m_2886,1,3
m_893,9,9
m_2090,19,19
m_605,8,8
m_348,19,23
m_916,3,3
m_3441,9,9
m_448,8,8
m_1444,5,5
m_325,3,3
m_1184,4,4
m_2369,1,2
m_328,10,10
m_370,8,8
m_523,3,3
m_1975,2,2
m_2286,8,8
m_1817,10,10
m_2601,10,10
m_2832,10,10
m_476,7,7
m_1642,10,10
m_886,11,13
m_475,8,11
m_1731,1,2
m_3592,7,7
m_1174,4,4
m_449,4,4
m_2275,7,7
m_257,9,9
m_2662,4,4
m_3782,9,9
m_182,9,9
m_2193,2,3
m_2676,3,3
m_882,9,9
m_3260,8,8
m_3039,2,3
m_3668,6,6
m_3291,3,3
m_3496,2,4
m_3657,1,1
m_1564,1,1
m_842,1,2
m_2530,2,2
m_2975,1,1
